TIME,dpStatusHTTPConnectionsXMLManager,dpStatusHTTPConnectionsreqTenSec,dpStatusHTTPConnectionsreqOneMin,dpStatusHTTPConnectionsreqTenMin,dpStatusHTTPConnectionsreqOneHr,dpStatusHTTPConnectionsreqOneDay,dpStatusHTTPConnectionsreuseTenSec,dpStatusHTTPConnectionsreuseOneMin,dpStatusHTTPConnectionsreuseTenMin,dpStatusHTTPConnectionsreuseOneHr,dpStatusHTTPConnectionsreuseOneDay,dpStatusHTTPConnectionscreateTenSec,dpStatusHTTPConnectionscreateOneMin,dpStatusHTTPConnectionscreateTenMin,dpStatusHTTPConnectionscreateOneHr,dpStatusHTTPConnectionscreateOneDay,dpStatusHTTPConnectionsreturnTenSec,dpStatusHTTPConnectionsreturnOneMin,dpStatusHTTPConnectionsreturnTenMin,dpStatusHTTPConnectionsreturnOneHr,dpStatusHTTPConnectionsreturnOneDay,dpStatusHTTPConnectionsofferTenSec,dpStatusHTTPConnectionsofferOneMin,dpStatusHTTPConnectionsofferTenMin,dpStatusHTTPConnectionsofferOneHr,dpStatusHTTPConnectionsofferOneDay,dpStatusHTTPConnectionsdestroyTenSec,dpStatusHTTPConnectionsdestroyOneMin,dpStatusHTTPConnectionsdestroyTenMin,dpStatusHTTPConnectionsdestroyOneHr,dpStatusHTTPConnectionsdestroyOneDay
1579010376.366114,CustomDomainsAPIRouter-XMLMgr,0,0,0,0,10,0,0,0,0,0,0,0,0,0,10,0,0,0,0,10,0,0,0,0,10,0,0,0,0,0
1579010376.366114,default,0,1,14,91,2179,0,0,0,0,2,0,1,14,91,2177,0,1,14,91,2179,0,0,0,0,10,0,1,14,91,2169
1579010376.366114,default-attempt-stream,0,0,0,0,0,0,0,0,0,0,0,0,0,0,0,0,0,0,0,0,0,0,0,0,0,0,0,0,0,0
1579010376.366114,default-wsrr,0,0,0,0,0,0,0,0,0,0,0,0,0,0,0,0,0,0,0,0,0,0,0,0,0,0,0,0,0,0
1579010376.366114,deploySNIArtifacts-XMLMgr,0,0,0,0,0,0,0,0,0,0,0,0,0,0,0,0,0,0,0,0,0,0,0,0,0,0,0,0,0,0
1579010376.366114,mbaas_uri_to_host_xmlmgr,8448,46576,456662,2925172,47563654,8445,46418,456153,2921765,47509271,3,159,509,3407,54383,8461,46588,456740,2925429,47564454,8455,46566,456535,2923978,47536163,6,22,205,1451,28291
1579010946.137846,CustomDomainsAPIRouter-XMLMgr,0,0,0,0,10,0,0,0,0,0,0,0,0,0,10,0,0,0,0,10,0,0,0,0,10,0,0,0,0,0
1579010946.137846,default,1,1,15,91,2179,0,0,0,0,2,1,1,15,91,2177,1,1,15,91,2179,0,0,0,0,10,1,1,15,91,2169
1579010946.137846,default-attempt-stream,0,0,0,0,0,0,0,0,0,0,0,0,0,0,0,0,0,0,0,0,0,0,0,0,0,0,0,0,0,0
1579010946.137846,default-wsrr,0,0,0,0,0,0,0,0,0,0,0,0,0,0,0,0,0,0,0,0,0,0,0,0,0,0,0,0,0,0
1579010946.137846,deploySNIArtifacts-XMLMgr,0,0,0,0,0,0,0,0,0,0,0,0,0,0,0,0,0,0,0,0,0,0,0,0,0,0,0,0,0,0
1579010946.137846,mbaas_uri_to_host_xmlmgr,7840,43152,448981,2847770,47563654,7839,43126,448559,2844388,47509271,1,26,422,3381,54383,7863,43165,449068,2848106,47564454,7862,43149,448865,2846642,47536163,1,16,203,1464,28291
1579010976.720263,CustomDomainsAPIRouter-XMLMgr,0,0,0,0,10,0,0,0,0,0,0,0,0,0,10,0,0,0,0,10,0,0,0,0,10,0,0,0,0,0
1579010976.720263,default,0,2,16,91,2179,0,0,0,0,2,0,2,16,91,2177,0,2,16,91,2179,0,0,0,0,10,0,2,16,91,2169
1579010976.720263,default-attempt-stream,0,0,0,0,0,0,0,0,0,0,0,0,0,0,0,0,0,0,0,0,0,0,0,0,0,0,0,0,0,0
1579010976.720263,default-wsrr,0,0,0,0,0,0,0,0,0,0,0,0,0,0,0,0,0,0,0,0,0,0,0,0,0,0,0,0,0,0
1579010976.720263,deploySNIArtifacts-XMLMgr,0,0,0,0,0,0,0,0,0,0,0,0,0,0,0,0,0,0,0,0,0,0,0,0,0,0,0,0,0,0
1579010976.720263,mbaas_uri_to_host_xmlmgr,7293,43218,446295,2847770,47563654,7289,43192,446010,2844388,47509271,4,26,285,3381,54383,7300,43226,446407,2848106,47564454,7297,43213,446210,2846642,47536163,3,13,197,1464,28291
1579011546.463987,CustomDomainsAPIRouter-XMLMgr,0,0,0,0,10,0,0,0,0,0,0,0,0,0,10,0,0,0,0,10,0,0,0,0,10,0,0,0,0,0
1579011546.463987,default,1,2,15,90,2179,0,0,0,0,2,1,2,15,90,2177,0,1,15,90,2179,0,0,0,0,10,0,1,15,90,2169
1579011546.463987,default-attempt-stream,0,0,0,0,0,0,0,0,0,0,0,0,0,0,0,0,0,0,0,0,0,0,0,0,0,0,0,0,0,0
1579011546.463987,default-wsrr,0,0,0,0,0,0,0,0,0,0,0,0,0,0,0,0,0,0,0,0,0,0,0,0,0,0,0,0,0,0
1579011546.463987,deploySNIArtifacts-XMLMgr,0,0,0,0,0,0,0,0,0,0,0,0,0,0,0,0,0,0,0,0,0,0,0,0,0,0,0,0,0,0
1579011546.463987,mbaas_uri_to_host_xmlmgr,6856,38880,420546,2764284,47563654,6853,38849,420206,2761089,47509271,3,31,340,3195,54383,6862,38885,420646,2764716,47564454,6859,38865,420463,2763306,47536163,3,20,183,1410,28291
1579011577.073973,CustomDomainsAPIRouter-XMLMgr,0,0,0,0,10,0,0,0,0,0,0,0,0,0,10,0,0,0,0,10,0,0,0,0,10,0,0,0,0,0
1579011577.073973,default,0,2,15,90,2179,0,0,0,0,2,0,2,15,90,2177,0,2,15,90,2179,0,0,0,0,10,0,2,15,90,2169
1579011577.073973,default-attempt-stream,0,0,0,0,0,0,0,0,0,0,0,0,0,0,0,0,0,0,0,0,0,0,0,0,0,0,0,0,0,0
1579011577.073973,default-wsrr,0,0,0,0,0,0,0,0,0,0,0,0,0,0,0,0,0,0,0,0,0,0,0,0,0,0,0,0,0,0
1579011577.073973,deploySNIArtifacts-XMLMgr,0,0,0,0,0,0,0,0,0,0,0,0,0,0,0,0,0,0,0,0,0,0,0,0,0,0,0,0,0,0
1579011577.073973,mbaas_uri_to_host_xmlmgr,6752,38717,415811,2764284,47563654,6747,38689,415470,2761089,47509271,5,28,341,3195,54383,6755,38729,415901,2764716,47564454,6751,38708,415711,2763306,47536163,4,21,190,1410,28291
1579012146.789981,CustomDomainsAPIRouter-XMLMgr,0,0,0,0,10,0,0,0,0,0,0,0,0,0,10,0,0,0,0,10,0,0,0,0,10,0,0,0,0,0
1579012146.789981,default,1,2,15,90,2179,0,0,0,0,2,1,2,15,90,2177,1,2,15,90,2179,0,0,0,0,10,1,2,15,90,2169
1579012146.789981,default-attempt-stream,0,0,0,0,0,0,0,0,0,0,0,0,0,0,0,0,0,0,0,0,0,0,0,0,0,0,0,0,0,0
1579012146.789981,default-wsrr,0,0,0,0,0,0,0,0,0,0,0,0,0,0,0,0,0,0,0,0,0,0,0,0,0,0,0,0,0,0
1579012146.789981,deploySNIArtifacts-XMLMgr,0,0,0,0,0,0,0,0,0,0,0,0,0,0,0,0,0,0,0,0,0,0,0,0,0,0,0,0,0,0
1579012146.789981,mbaas_uri_to_host_xmlmgr,6542,37771,388748,2679667,47563654,6539,37742,387948,2676359,47509271,3,29,800,3308,54383,6549,37782,388853,2680197,47564454,6545,37758,388652,2678992,47536163,4,24,201,1205,28291
1579012177.403005,CustomDomainsAPIRouter-XMLMgr,0,0,0,0,10,0,0,0,0,0,0,0,0,0,10,0,0,0,0,10,0,0,0,0,10,0,0,0,0,0
1579012177.403005,default,0,2,15,90,2179,0,0,0,0,2,0,2,15,90,2177,0,2,15,90,2179,0,0,0,0,10,0,2,15,90,2169
1579012177.403005,default-attempt-stream,0,0,0,0,0,0,0,0,0,0,0,0,0,0,0,0,0,0,0,0,0,0,0,0,0,0,0,0,0,0
1579012177.403005,default-wsrr,0,0,0,0,0,0,0,0,0,0,0,0,0,0,0,0,0,0,0,0,0,0,0,0,0,0,0,0,0,0
1579012177.403005,deploySNIArtifacts-XMLMgr,0,0,0,0,0,0,0,0,0,0,0,0,0,0,0,0,0,0,0,0,0,0,0,0,0,0,0,0,0,0
1579012177.403005,mbaas_uri_to_host_xmlmgr,5967,37097,387777,2679667,47563654,5595,36694,386969,2676359,47509271,372,403,808,3308,54383,5954,37090,387893,2680197,47564454,5951,37067,387689,2678992,47536163,3,23,204,1205,28291
1579012747.105522,CustomDomainsAPIRouter-XMLMgr,0,0,0,0,10,0,0,0,0,0,0,0,0,0,10,0,0,0,0,10,0,0,0,0,10,0,0,0,0,0
1579012747.105522,default,1,2,16,91,2181,0,0,0,0,2,1,2,16,91,2179,1,2,16,91,2181,0,0,0,0,10,1,2,16,91,2171
1579012747.105522,default-attempt-stream,0,0,0,0,0,0,0,0,0,0,0,0,0,0,0,0,0,0,0,0,0,0,0,0,0,0,0,0,0,0
1579012747.105522,default-wsrr,0,0,0,0,0,0,0,0,0,0,0,0,0,0,0,0,0,0,0,0,0,0,0,0,0,0,0,0,0,0
1579012747.105522,deploySNIArtifacts-XMLMgr,0,0,0,0,0,0,0,0,0,0,0,0,0,0,0,0,0,0,0,0,0,0,0,0,0,0,0,0,0,0
1579012747.105522,mbaas_uri_to_host_xmlmgr,6775,36836,377439,2583408,47508325,6770,36802,376647,2579735,47454259,5,34,792,3673,54067,6803,36852,377534,2584001,47509666,6798,36829,377344,2582806,47481784,5,23,190,1195,27882
1579012777.755121,CustomDomainsAPIRouter-XMLMgr,0,0,0,0,10,0,0,0,0,0,0,0,0,0,10,0,0,0,0,10,0,0,0,0,10,0,0,0,0,0
1579012777.755121,default,0,1,15,91,2181,0,0,0,0,2,0,1,15,91,2179,0,1,15,91,2181,0,0,0,0,10,0,1,15,91,2171
1579012777.755121,default-attempt-stream,0,0,0,0,0,0,0,0,0,0,0,0,0,0,0,0,0,0,0,0,0,0,0,0,0,0,0,0,0,0
1579012777.755121,default-wsrr,0,0,0,0,0,0,0,0,0,0,0,0,0,0,0,0,0,0,0,0,0,0,0,0,0,0,0,0,0,0
1579012777.755121,deploySNIArtifacts-XMLMgr,0,0,0,0,0,0,0,0,0,0,0,0,0,0,0,0,0,0,0,0,0,0,0,0,0,0,0,0,0,0
1579012777.755121,mbaas_uri_to_host_xmlmgr,5808,36755,377048,2583408,47508325,5802,36725,376262,2579735,47454259,6,30,786,3673,54067,5805,36766,377145,2584001,47509666,5800,36743,376959,2582806,47481784,5,23,186,1195,27882
1579013347.441171,CustomDomainsAPIRouter-XMLMgr,0,0,0,0,10,0,0,0,0,0,0,0,0,0,10,0,0,0,0,10,0,0,0,0,10,0,0,0,0,0
1579013347.441171,default,1,1,15,91,2181,0,0,0,0,2,1,1,15,91,2179,1,1,15,91,2181,0,0,0,0,10,1,1,15,91,2171
1579013347.441171,default-attempt-stream,0,0,0,0,0,0,0,0,0,0,0,0,0,0,0,0,0,0,0,0,0,0,0,0,0,0,0,0,0,0
1579013347.441171,default-wsrr,0,0,0,0,0,0,0,0,0,0,0,0,0,0,0,0,0,0,0,0,0,0,0,0,0,0,0,0,0,0
1579013347.441171,deploySNIArtifacts-XMLMgr,0,0,0,0,0,0,0,0,0,0,0,0,0,0,0,0,0,0,0,0,0,0,0,0,0,0,0,0,0,0
1579013347.441171,mbaas_uri_to_host_xmlmgr,6864,37483,375979,2498688,47508325,6862,37435,375518,2495615,47454259,2,48,461,3073,54067,6869,37487,376031,2499264,47509666,6867,37472,375843,2498074,47481784,2,15,188,1190,27882
1579013378.089916,CustomDomainsAPIRouter-XMLMgr,0,0,0,0,10,0,0,0,0,0,0,0,0,0,10,0,0,0,0,10,0,0,0,0,10,0,0,0,0,0
1579013378.089916,default,0,1,15,91,2181,0,0,0,0,2,0,1,15,91,2179,0,1,15,91,2181,0,0,0,0,10,0,1,15,91,2171
1579013378.089916,default-attempt-stream,0,0,0,0,0,0,0,0,0,0,0,0,0,0,0,0,0,0,0,0,0,0,0,0,0,0,0,0,0,0
1579013378.089916,default-wsrr,0,0,0,0,0,0,0,0,0,0,0,0,0,0,0,0,0,0,0,0,0,0,0,0,0,0,0,0,0,0
1579013378.089916,deploySNIArtifacts-XMLMgr,0,0,0,0,0,0,0,0,0,0,0,0,0,0,0,0,0,0,0,0,0,0,0,0,0,0,0,0,0,0
1579013378.089916,mbaas_uri_to_host_xmlmgr,5932,37511,377592,2498688,47508325,5929,37484,377130,2495615,47454259,3,27,462,3073,54067,5902,37512,377691,2499264,47509666,5898,37494,377505,2498074,47481784,4,18,186,1190,27882
1579013947.784967,CustomDomainsAPIRouter-XMLMgr,0,0,0,0,10,0,0,0,0,0,0,0,0,0,10,0,0,0,0,10,0,0,0,0,10,0,0,0,0,0
1579013947.784967,default,1,1,15,90,2181,0,0,0,0,2,1,1,15,90,2179,1,1,15,90,2181,0,0,0,0,10,1,1,15,90,2171
1579013947.784967,default-attempt-stream,0,0,0,0,0,0,0,0,0,0,0,0,0,0,0,0,0,0,0,0,0,0,0,0,0,0,0,0,0,0
1579013947.784967,default-wsrr,0,0,0,0,0,0,0,0,0,0,0,0,0,0,0,0,0,0,0,0,0,0,0,0,0,0,0,0,0,0
1579013947.784967,deploySNIArtifacts-XMLMgr,0,0,0,0,0,0,0,0,0,0,0,0,0,0,0,0,0,0,0,0,0,0,0,0,0,0,0,0,0,0
1579013947.784967,mbaas_uri_to_host_xmlmgr,6659,36918,369284,2404097,47508325,6654,36488,368577,2400991,47454259,5,430,707,3106,54067,6653,36911,369409,2404670,47509666,6648,36891,369222,2403519,47481784,5,20,187,1151,27882
1579013951.71909,CustomDomainsAPIRouter-XMLMgr,0,0,0,0,10,0,0,0,0,0,0,0,0,0,10,0,0,0,0,10,0,0,0,0,10,0,0,0,0,0
1579013951.71909,default,1,1,15,90,2181,0,0,0,0,2,1,1,15,90,2179,1,1,15,90,2181,0,0,0,0,10,1,1,15,90,2171
1579013951.71909,default-attempt-stream,0,0,0,0,0,0,0,0,0,0,0,0,0,0,0,0,0,0,0,0,0,0,0,0,0,0,0,0,0,0
1579013951.71909,default-wsrr,0,0,0,0,0,0,0,0,0,0,0,0,0,0,0,0,0,0,0,0,0,0,0,0,0,0,0,0,0,0
1579013951.71909,deploySNIArtifacts-XMLMgr,0,0,0,0,0,0,0,0,0,0,0,0,0,0,0,0,0,0,0,0,0,0,0,0,0,0,0,0,0,0
1579013951.71909,mbaas_uri_to_host_xmlmgr,6659,36918,369284,2404097,47508325,6654,36488,368577,2400991,47454259,5,430,707,3106,54067,6653,36911,369409,2404670,47509666,6648,36891,369222,2403519,47481784,5,20,187,1151,27882
1579013978.451401,CustomDomainsAPIRouter-XMLMgr,0,0,0,0,10,0,0,0,0,0,0,0,0,0,10,0,0,0,0,10,0,0,0,0,10,0,0,0,0,0
1579013978.451401,default,0,1,15,90,2181,0,0,0,0,2,0,1,15,90,2179,0,1,15,90,2181,0,0,0,0,10,0,1,15,90,2171
1579013978.451401,default-attempt-stream,0,0,0,0,0,0,0,0,0,0,0,0,0,0,0,0,0,0,0,0,0,0,0,0,0,0,0,0,0,0
1579013978.451401,default-wsrr,0,0,0,0,0,0,0,0,0,0,0,0,0,0,0,0,0,0,0,0,0,0,0,0,0,0,0,0,0,0
1579013978.451401,deploySNIArtifacts-XMLMgr,0,0,0,0,0,0,0,0,0,0,0,0,0,0,0,0,0,0,0,0,0,0,0,0,0,0,0,0,0,0
1579013978.451401,mbaas_uri_to_host_xmlmgr,5860,35819,366860,2404097,47508325,5858,35789,366151,2400991,47454259,2,30,709,3106,54067,5853,35826,366937,2404670,47509666,5849,35805,366749,2403519,47481784,4,21,188,1151,27882
1579014061.762508,CustomDomainsAPIRouter-XMLMgr,0,0,0,0,10,0,0,0,0,0,0,0,0,0,10,0,0,0,0,10,0,0,0,0,10,0,0,0,0,0
1579014061.762508,default,0,1,15,90,2181,0,0,0,0,2,0,1,15,90,2179,0,1,15,90,2181,0,0,0,0,10,0,1,15,90,2171
1579014061.762508,default-attempt-stream,0,0,0,0,0,0,0,0,0,0,0,0,0,0,0,0,0,0,0,0,0,0,0,0,0,0,0,0,0,0
1579014061.762508,default-wsrr,0,0,0,0,0,0,0,0,0,0,0,0,0,0,0,0,0,0,0,0,0,0,0,0,0,0,0,0,0,0
1579014061.762508,deploySNIArtifacts-XMLMgr,0,0,0,0,0,0,0,0,0,0,0,0,0,0,0,0,0,0,0,0,0,0,0,0,0,0,0,0,0,0
1579014061.762508,mbaas_uri_to_host_xmlmgr,6011,36849,365380,2404097,47508325,6007,36821,364669,2400991,47454259,5,28,711,3106,54067,6013,36846,365462,2404670,47509666,6009,36827,365273,2403519,47481784,4,19,189,1151,27882
1579014548.174911,CustomDomainsAPIRouter-XMLMgr,0,0,0,0,10,0,0,0,0,0,0,0,0,0,10,0,0,0,0,10,0,0,0,0,10,0,0,0,0,0
1579014548.174911,default,1,1,14,90,2181,0,0,0,0,2,1,1,14,90,2179,1,1,14,90,2181,0,0,0,0,10,1,1,14,90,2171
1579014548.174911,default-attempt-stream,0,0,0,0,0,0,0,0,0,0,0,0,0,0,0,0,0,0,0,0,0,0,0,0,0,0,0,0,0,0
1579014548.174911,default-wsrr,0,0,0,0,0,0,0,0,0,0,0,0,0,0,0,0,0,0,0,0,0,0,0,0,0,0,0,0,0,0
1579014548.174911,deploySNIArtifacts-XMLMgr,0,0,0,0,0,0,0,0,0,0,0,0,0,0,0,0,0,0,0,0,0,0,0,0,0,0,0,0,0,0
1579014548.174911,mbaas_uri_to_host_xmlmgr,6396,36294,368080,2320062,47508325,6392,36219,367387,2316314,47454259,4,75,693,3749,54067,6384,36289,368165,2320624,47509666,6380,36267,367965,2319480,47481784,4,22,200,1144,27882
1579014552.042681,CustomDomainsAPIRouter-XMLMgr,0,0,0,0,10,0,0,0,0,0,0,0,0,0,10,0,0,0,0,10,0,0,0,0,10,0,0,0,0,0
1579014552.042681,default,1,1,14,90,2181,0,0,0,0,2,1,1,14,90,2179,1,1,14,90,2181,0,0,0,0,10,1,1,14,90,2171
1579014552.042681,default-attempt-stream,0,0,0,0,0,0,0,0,0,0,0,0,0,0,0,0,0,0,0,0,0,0,0,0,0,0,0,0,0,0
1579014552.042681,default-wsrr,0,0,0,0,0,0,0,0,0,0,0,0,0,0,0,0,0,0,0,0,0,0,0,0,0,0,0,0,0,0
1579014552.042681,deploySNIArtifacts-XMLMgr,0,0,0,0,0,0,0,0,0,0,0,0,0,0,0,0,0,0,0,0,0,0,0,0,0,0,0,0,0,0
1579014552.042681,mbaas_uri_to_host_xmlmgr,6396,36294,368080,2320062,47508325,6392,36219,367387,2316314,47454259,4,75,693,3749,54067,6384,36289,368165,2320624,47509666,6380,36267,367965,2319480,47481784,4,22,200,1144,27882
1579014578.803729,CustomDomainsAPIRouter-XMLMgr,0,0,0,0,10,0,0,0,0,0,0,0,0,0,10,0,0,0,0,10,0,0,0,0,10,0,0,0,0,0
1579014578.803729,default,0,2,15,90,2181,0,0,0,0,2,0,2,15,90,2179,0,2,15,90,2181,0,0,0,0,10,0,2,15,90,2171
1579014578.803729,default-attempt-stream,0,0,0,0,0,0,0,0,0,0,0,0,0,0,0,0,0,0,0,0,0,0,0,0,0,0,0,0,0,0
1579014578.803729,default-wsrr,0,0,0,0,0,0,0,0,0,0,0,0,0,0,0,0,0,0,0,0,0,0,0,0,0,0,0,0,0,0
1579014578.803729,deploySNIArtifacts-XMLMgr,0,0,0,0,0,0,0,0,0,0,0,0,0,0,0,0,0,0,0,0,0,0,0,0,0,0,0,0,0,0
1579014578.803729,mbaas_uri_to_host_xmlmgr,5712,36086,368473,2320062,47508325,5709,36059,367784,2316314,47454259,3,27,689,3749,54067,5709,36091,368562,2320624,47509666,5703,36069,368363,2319480,47481784,6,22,199,1144,27882
1579014662.108888,CustomDomainsAPIRouter-XMLMgr,0,0,0,0,10,0,0,0,0,0,0,0,0,0,10,0,0,0,0,10,0,0,0,0,10,0,0,0,0,0
1579014662.108888,default,0,2,16,90,2181,0,0,0,0,2,0,2,16,90,2179,0,2,16,90,2181,0,0,0,0,10,0,2,16,90,2171
1579014662.108888,default-attempt-stream,0,0,0,0,0,0,0,0,0,0,0,0,0,0,0,0,0,0,0,0,0,0,0,0,0,0,0,0,0,0
1579014662.108888,default-wsrr,0,0,0,0,0,0,0,0,0,0,0,0,0,0,0,0,0,0,0,0,0,0,0,0,0,0,0,0,0,0
1579014662.108888,deploySNIArtifacts-XMLMgr,0,0,0,0,0,0,0,0,0,0,0,0,0,0,0,0,0,0,0,0,0,0,0,0,0,0,0,0,0,0
1579014662.108888,mbaas_uri_to_host_xmlmgr,6102,35821,367958,2320062,47508325,6097,35795,367272,2316314,47454259,4,25,686,3749,54067,6099,35821,368059,2320624,47509666,6096,35806,367861,2319480,47481784,3,15,198,1144,27882
1579015148.534133,CustomDomainsAPIRouter-XMLMgr,0,0,0,0,10,0,0,0,0,0,0,0,0,0,10,0,0,0,0,10,0,0,0,0,10,0,0,0,0,0
1579015148.534133,default,1,1,15,91,2181,0,0,0,0,2,1,1,15,91,2179,1,1,15,91,2181,0,0,0,0,10,1,1,15,91,2171
1579015148.534133,default-attempt-stream,0,0,0,0,0,0,0,0,0,0,0,0,0,0,0,0,0,0,0,0,0,0,0,0,0,0,0,0,0,0
1579015148.534133,default-wsrr,0,0,0,0,0,0,0,0,0,0,0,0,0,0,0,0,0,0,0,0,0,0,0,0,0,0,0,0,0,0
1579015148.534133,deploySNIArtifacts-XMLMgr,0,0,0,0,0,0,0,0,0,0,0,0,0,0,0,0,0,0,0,0,0,0,0,0,0,0,0,0,0,0
1579015148.534133,mbaas_uri_to_host_xmlmgr,6663,36299,368087,2259494,47508325,6657,36267,367752,2255697,47454259,6,32,335,3797,54067,6670,36311,368180,2260045,47509666,6667,36291,367983,2258883,47481784,3,20,197,1162,27882
1579015152.423079,CustomDomainsAPIRouter-XMLMgr,0,0,0,0,10,0,0,0,0,0,0,0,0,0,10,0,0,0,0,10,0,0,0,0,10,0,0,0,0,0
1579015152.423079,default,1,1,15,91,2181,0,0,0,0,2,1,1,15,91,2179,1,1,15,91,2181,0,0,0,0,10,1,1,15,91,2171
1579015152.423079,default-attempt-stream,0,0,0,0,0,0,0,0,0,0,0,0,0,0,0,0,0,0,0,0,0,0,0,0,0,0,0,0,0,0
1579015152.423079,default-wsrr,0,0,0,0,0,0,0,0,0,0,0,0,0,0,0,0,0,0,0,0,0,0,0,0,0,0,0,0,0,0
1579015152.423079,deploySNIArtifacts-XMLMgr,0,0,0,0,0,0,0,0,0,0,0,0,0,0,0,0,0,0,0,0,0,0,0,0,0,0,0,0,0,0
1579015152.423079,mbaas_uri_to_host_xmlmgr,6663,36299,368087,2259494,47508325,6657,36267,367752,2255697,47454259,6,32,335,3797,54067,6670,36311,368180,2260045,47509666,6667,36291,367983,2258883,47481784,3,20,197,1162,27882
1579015179.147017,CustomDomainsAPIRouter-XMLMgr,0,0,0,0,10,0,0,0,0,0,0,0,0,0,10,0,0,0,0,10,0,0,0,0,10,0,0,0,0,0
1579015179.147017,default,1,2,14,91,2181,0,0,0,0,2,1,2,14,91,2179,1,2,14,91,2181,0,0,0,0,10,1,2,14,91,2171
1579015179.147017,default-attempt-stream,0,0,0,0,0,0,0,0,0,0,0,0,0,0,0,0,0,0,0,0,0,0,0,0,0,0,0,0,0,0
1579015179.147017,default-wsrr,0,0,0,0,0,0,0,0,0,0,0,0,0,0,0,0,0,0,0,0,0,0,0,0,0,0,0,0,0,0
1579015179.147017,deploySNIArtifacts-XMLMgr,0,0,0,0,0,0,0,0,0,0,0,0,0,0,0,0,0,0,0,0,0,0,0,0,0,0,0,0,0,0
1579015179.147017,mbaas_uri_to_host_xmlmgr,5897,36305,367715,2259494,47508325,5896,36277,367377,2255697,47454259,1,28,338,3797,54067,5902,36321,367808,2260045,47509666,5900,36304,367610,2258883,47481784,2,17,198,1162,27882
1579015262.473819,CustomDomainsAPIRouter-XMLMgr,0,0,0,0,10,0,0,0,0,0,0,0,0,0,10,0,0,0,0,10,0,0,0,0,10,0,0,0,0,0
1579015262.473819,default,0,1,14,91,2181,0,0,0,0,2,0,1,14,91,2179,0,1,14,91,2181,0,0,0,0,10,0,1,14,91,2171
1579015262.473819,default-attempt-stream,0,0,0,0,0,0,0,0,0,0,0,0,0,0,0,0,0,0,0,0,0,0,0,0,0,0,0,0,0,0
1579015262.473819,default-wsrr,0,0,0,0,0,0,0,0,0,0,0,0,0,0,0,0,0,0,0,0,0,0,0,0,0,0,0,0,0,0
1579015262.473819,deploySNIArtifacts-XMLMgr,0,0,0,0,0,0,0,0,0,0,0,0,0,0,0,0,0,0,0,0,0,0,0,0,0,0,0,0,0,0
1579015262.473819,mbaas_uri_to_host_xmlmgr,6321,36699,368340,2259494,47508325,6317,36673,368001,2255697,47454259,4,26,339,3797,54067,6304,36696,368436,2260045,47509666,6301,36679,368242,2258883,47481784,3,17,194,1162,27882
1579015748.883098,CustomDomainsAPIRouter-XMLMgr,0,0,0,0,10,0,0,0,0,0,0,0,0,0,10,0,0,0,0,10,0,0,0,0,10,0,0,0,0,0
1579015748.883098,default,1,2,15,90,2181,0,0,0,0,2,1,2,15,90,2179,1,2,15,90,2181,0,0,0,0,10,1,2,15,90,2171
1579015748.883098,default-attempt-stream,0,0,0,0,0,0,0,0,0,0,0,0,0,0,0,0,0,0,0,0,0,0,0,0,0,0,0,0,0,0
1579015748.883098,default-wsrr,0,0,0,0,0,0,0,0,0,0,0,0,0,0,0,0,0,0,0,0,0,0,0,0,0,0,0,0,0,0
1579015748.883098,deploySNIArtifacts-XMLMgr,0,0,0,0,0,0,0,0,0,0,0,0,0,0,0,0,0,0,0,0,0,0,0,0,0,0,0,0,0,0
1579015748.883098,mbaas_uri_to_host_xmlmgr,6259,34673,362396,2226720,47508325,6256,34649,361706,2223032,47454259,3,24,690,3688,54067,6263,34694,362497,2227304,47509666,6259,34674,362306,2226158,47481784,4,20,191,1146,27882
1579015752.732856,CustomDomainsAPIRouter-XMLMgr,0,0,0,0,10,0,0,0,0,0,0,0,0,0,10,0,0,0,0,10,0,0,0,0,10,0,0,0,0,0
1579015752.732856,default,1,2,15,90,2181,0,0,0,0,2,1,2,15,90,2179,1,2,15,90,2181,0,0,0,0,10,1,2,15,90,2171
1579015752.732856,default-attempt-stream,0,0,0,0,0,0,0,0,0,0,0,0,0,0,0,0,0,0,0,0,0,0,0,0,0,0,0,0,0,0
1579015752.732856,default-wsrr,0,0,0,0,0,0,0,0,0,0,0,0,0,0,0,0,0,0,0,0,0,0,0,0,0,0,0,0,0,0
1579015752.732856,deploySNIArtifacts-XMLMgr,0,0,0,0,0,0,0,0,0,0,0,0,0,0,0,0,0,0,0,0,0,0,0,0,0,0,0,0,0,0
1579015752.732856,mbaas_uri_to_host_xmlmgr,6259,34673,362396,2226720,47508325,6256,34649,361706,2223032,47454259,3,24,690,3688,54067,6263,34694,362497,2227304,47509666,6259,34674,362306,2226158,47481784,4,20,191,1146,27882
1579015779.483947,CustomDomainsAPIRouter-XMLMgr,0,0,0,0,10,0,0,0,0,0,0,0,0,0,10,0,0,0,0,10,0,0,0,0,10,0,0,0,0,0
1579015779.483947,default,0,3,17,90,2181,0,0,0,0,2,0,3,17,90,2179,0,3,17,90,2181,0,0,0,0,10,0,3,17,90,2171
1579015779.483947,default-attempt-stream,0,0,0,0,0,0,0,0,0,0,0,0,0,0,0,0,0,0,0,0,0,0,0,0,0,0,0,0,0,0
1579015779.483947,default-wsrr,0,0,0,0,0,0,0,0,0,0,0,0,0,0,0,0,0,0,0,0,0,0,0,0,0,0,0,0,0,0
1579015779.483947,deploySNIArtifacts-XMLMgr,0,0,0,0,0,0,0,0,0,0,0,0,0,0,0,0,0,0,0,0,0,0,0,0,0,0,0,0,0,0
1579015779.483947,mbaas_uri_to_host_xmlmgr,5403,33743,360333,2226720,47508325,5401,33718,359649,2223032,47454259,2,25,684,3688,54067,5403,33755,360436,2227304,47509666,5401,33733,360241,2226158,47481784,2,22,195,1146,27882
1579015862.789928,CustomDomainsAPIRouter-XMLMgr,0,0,0,0,10,0,0,0,0,0,0,0,0,0,10,0,0,0,0,10,0,0,0,0,10,0,0,0,0,0
1579015862.789928,default,0,1,16,90,2181,0,0,0,0,2,0,1,16,90,2179,0,1,16,90,2181,0,0,0,0,10,0,1,16,90,2171
1579015862.789928,default-attempt-stream,0,0,0,0,0,0,0,0,0,0,0,0,0,0,0,0,0,0,0,0,0,0,0,0,0,0,0,0,0,0
1579015862.789928,default-wsrr,0,0,0,0,0,0,0,0,0,0,0,0,0,0,0,0,0,0,0,0,0,0,0,0,0,0,0,0,0,0
1579015862.789928,deploySNIArtifacts-XMLMgr,0,0,0,0,0,0,0,0,0,0,0,0,0,0,0,0,0,0,0,0,0,0,0,0,0,0,0,0,0,0
1579015862.789928,mbaas_uri_to_host_xmlmgr,5905,36770,360533,2226720,47508325,5902,36734,359837,2223032,47454259,3,36,696,3688,54067,5894,36803,360619,2227304,47509666,5892,36783,360421,2226158,47481784,2,20,198,1146,27882
1579016353.055205,CustomDomainsAPIRouter-XMLMgr,0,0,0,0,10,0,0,0,0,0,0,0,0,0,10,0,0,0,0,10,0,0,0,0,10,0,0,0,0,0
1579016353.055205,default,1,2,15,90,2180,0,0,0,0,2,1,2,15,90,2178,1,2,15,90,2180,0,0,0,0,10,1,2,15,90,2170
1579016353.055205,default-attempt-stream,0,0,0,0,0,0,0,0,0,0,0,0,0,0,0,0,0,0,0,0,0,0,0,0,0,0,0,0,0,0
1579016353.055205,default-wsrr,0,0,0,0,0,0,0,0,0,0,0,0,0,0,0,0,0,0,0,0,0,0,0,0,0,0,0,0,0,0
1579016353.055205,deploySNIArtifacts-XMLMgr,0,0,0,0,0,0,0,0,0,0,0,0,0,0,0,0,0,0,0,0,0,0,0,0,0,0,0,0,0,0
1579016353.055205,mbaas_uri_to_host_xmlmgr,6612,35733,354533,2201563,47458036,6503,35603,353910,2198137,47402417,109,130,623,3426,55619,6610,35734,354624,2202117,47459920,6389,35498,354426,2200950,47432153,221,236,198,1167,27767
1579016463.124609,CustomDomainsAPIRouter-XMLMgr,0,0,0,0,10,0,0,0,0,0,0,0,0,0,10,0,0,0,0,10,0,0,0,0,10,0,0,0,0,0
1579016463.124609,default,0,1,14,90,2180,0,0,0,0,2,0,1,14,90,2178,0,1,14,90,2180,0,0,0,0,10,0,1,14,90,2170
1579016463.124609,default-attempt-stream,0,0,0,0,0,0,0,0,0,0,0,0,0,0,0,0,0,0,0,0,0,0,0,0,0,0,0,0,0,0
1579016463.124609,default-wsrr,0,0,0,0,0,0,0,0,0,0,0,0,0,0,0,0,0,0,0,0,0,0,0,0,0,0,0,0,0,0
1579016463.124609,deploySNIArtifacts-XMLMgr,0,0,0,0,0,0,0,0,0,0,0,0,0,0,0,0,0,0,0,0,0,0,0,0,0,0,0,0,0,0
1579016463.124609,mbaas_uri_to_host_xmlmgr,5952,36601,355384,2201563,47458036,5949,36544,354590,2198137,47402417,3,57,794,3426,55619,5951,36619,355480,2202117,47459920,5948,36599,355040,2200950,47432153,3,20,440,1167,27767
1579016953.381364,CustomDomainsAPIRouter-XMLMgr,0,0,0,0,10,0,0,0,0,0,0,0,0,0,10,0,0,0,0,10,0,0,0,0,10,0,0,0,0,0
1579016953.381364,default,1,2,15,90,2180,0,0,0,0,2,1,2,15,90,2178,1,2,15,90,2180,0,0,0,0,10,1,2,15,90,2170
1579016953.381364,default-attempt-stream,0,0,0,0,0,0,0,0,0,0,0,0,0,0,0,0,0,0,0,0,0,0,0,0,0,0,0,0,0,0
1579016953.381364,default-wsrr,0,0,0,0,0,0,0,0,0,0,0,0,0,0,0,0,0,0,0,0,0,0,0,0,0,0,0,0,0,0
1579016953.381364,deploySNIArtifacts-XMLMgr,0,0,0,0,0,0,0,0,0,0,0,0,0,0,0,0,0,0,0,0,0,0,0,0,0,0,0,0,0,0
1579016953.381364,mbaas_uri_to_host_xmlmgr,6382,35416,370160,2191699,47458036,6372,35380,369510,2187893,47402417,10,36,650,3806,55619,6391,35433,370268,2192276,47459920,6386,35414,369668,2190712,47432153,5,19,600,1564,27767
1579017063.445514,CustomDomainsAPIRouter-XMLMgr,0,0,0,0,10,0,0,0,0,0,0,0,0,0,10,0,0,0,0,10,0,0,0,0,10,0,0,0,0,0
1579017063.445514,default,0,2,15,90,2180,0,0,0,0,2,0,2,15,90,2178,0,2,15,90,2180,0,0,0,0,10,0,2,15,90,2170
1579017063.445514,default-attempt-stream,0,0,0,0,0,0,0,0,0,0,0,0,0,0,0,0,0,0,0,0,0,0,0,0,0,0,0,0,0,0
1579017063.445514,default-wsrr,0,0,0,0,0,0,0,0,0,0,0,0,0,0,0,0,0,0,0,0,0,0,0,0,0,0,0,0,0,0
1579017063.445514,deploySNIArtifacts-XMLMgr,0,0,0,0,0,0,0,0,0,0,0,0,0,0,0,0,0,0,0,0,0,0,0,0,0,0,0,0,0,0
1579017063.445514,mbaas_uri_to_host_xmlmgr,5962,35967,370319,2191699,47458036,5958,35931,369842,2187893,47402417,4,36,477,3806,55619,5960,35973,370444,2192276,47459920,5955,35950,370092,2190712,47432153,5,23,352,1564,27767
1579017553.687488,CustomDomainsAPIRouter-XMLMgr,0,0,0,0,10,0,0,0,0,0,0,0,0,0,10,0,0,0,0,10,0,0,0,0,10,0,0,0,0,0
1579017553.687488,default,1,2,15,91,2180,0,0,0,0,2,1,2,15,91,2178,1,2,15,91,2180,0,0,0,0,10,1,2,15,91,2170
1579017553.687488,default-attempt-stream,0,0,0,0,0,0,0,0,0,0,0,0,0,0,0,0,0,0,0,0,0,0,0,0,0,0,0,0,0,0
1579017553.687488,default-wsrr,0,0,0,0,0,0,0,0,0,0,0,0,0,0,0,0,0,0,0,0,0,0,0,0,0,0,0,0,0,0
1579017553.687488,deploySNIArtifacts-XMLMgr,0,0,0,0,0,0,0,0,0,0,0,0,0,0,0,0,0,0,0,0,0,0,0,0,0,0,0,0,0,0
1579017553.687488,mbaas_uri_to_host_xmlmgr,6620,35923,357351,2185152,47458036,6615,35898,356924,2181357,47402417,5,25,427,3795,55619,6616,35922,357448,2185733,47459920,6614,35907,357261,2184159,47432153,2,15,187,1574,27767
1579017663.774343,CustomDomainsAPIRouter-XMLMgr,0,0,0,0,10,0,0,0,0,0,0,0,0,0,10,0,0,0,0,10,0,0,0,0,10,0,0,0,0,0
1579017663.774343,default,0,2,16,91,2180,0,0,0,0,2,0,2,16,91,2178,0,2,16,91,2180,0,0,0,0,10,0,2,16,91,2170
1579017663.774343,default-attempt-stream,0,0,0,0,0,0,0,0,0,0,0,0,0,0,0,0,0,0,0,0,0,0,0,0,0,0,0,0,0,0
1579017663.774343,default-wsrr,0,0,0,0,0,0,0,0,0,0,0,0,0,0,0,0,0,0,0,0,0,0,0,0,0,0,0,0,0,0
1579017663.774343,deploySNIArtifacts-XMLMgr,0,0,0,0,0,0,0,0,0,0,0,0,0,0,0,0,0,0,0,0,0,0,0,0,0,0,0,0,0,0
1579017663.774343,mbaas_uri_to_host_xmlmgr,6447,36326,357927,2185152,47458036,6444,36294,357504,2181357,47402417,3,32,423,3795,55619,6445,36340,358024,2185733,47459920,6443,36323,357839,2184159,47432153,2,17,185,1574,27767
1579018154.02057,CustomDomainsAPIRouter-XMLMgr,0,0,0,0,10,0,0,0,0,0,0,0,0,0,10,0,0,0,0,10,0,0,0,0,10,0,0,0,0,0
1579018154.02057,default,1,2,15,90,2180,0,0,0,0,2,1,2,15,90,2178,1,2,15,90,2180,0,0,0,0,10,1,2,15,90,2170
1579018154.02057,default-attempt-stream,0,0,0,0,0,0,0,0,0,0,0,0,0,0,0,0,0,0,0,0,0,0,0,0,0,0,0,0,0,0
1579018154.02057,default-wsrr,0,0,0,0,0,0,0,0,0,0,0,0,0,0,0,0,0,0,0,0,0,0,0,0,0,0,0,0,0,0
1579018154.02057,deploySNIArtifacts-XMLMgr,0,0,0,0,0,0,0,0,0,0,0,0,0,0,0,0,0,0,0,0,0,0,0,0,0,0,0,0,0,0
1579018154.02057,mbaas_uri_to_host_xmlmgr,6371,34185,357214,2175122,47458036,6368,34161,356546,2171663,47402417,3,24,668,3459,55619,6367,34191,357318,2175718,47459920,6364,34175,357137,2174149,47432153,3,16,181,1569,27767
1579018264.097946,CustomDomainsAPIRouter-XMLMgr,0,0,0,0,10,0,0,0,0,0,0,0,0,0,10,0,0,0,0,10,0,0,0,0,10,0,0,0,0,0
1579018264.097946,default,0,2,15,90,2180,0,0,0,0,2,0,2,15,90,2178,0,2,15,90,2180,0,0,0,0,10,0,2,15,90,2170
1579018264.097946,default-attempt-stream,0,0,0,0,0,0,0,0,0,0,0,0,0,0,0,0,0,0,0,0,0,0,0,0,0,0,0,0,0,0
1579018264.097946,default-wsrr,0,0,0,0,0,0,0,0,0,0,0,0,0,0,0,0,0,0,0,0,0,0,0,0,0,0,0,0,0,0
1579018264.097946,deploySNIArtifacts-XMLMgr,0,0,0,0,0,0,0,0,0,0,0,0,0,0,0,0,0,0,0,0,0,0,0,0,0,0,0,0,0,0
1579018264.097946,mbaas_uri_to_host_xmlmgr,6345,36440,355547,2175122,47458036,6335,36401,354870,2171663,47402417,9,38,677,3459,55619,6330,36438,355639,2175718,47459920,6329,36418,355454,2174149,47432153,1,20,185,1569,27767
1579018754.346847,CustomDomainsAPIRouter-XMLMgr,0,0,0,0,10,0,0,0,0,0,0,0,0,0,10,0,0,0,0,10,0,0,0,0,10,0,0,0,0,0
1579018754.346847,default,1,2,16,91,2180,0,0,0,0,2,1,2,16,91,2178,1,2,16,91,2180,0,0,0,0,10,1,2,16,91,2170
1579018754.346847,default-attempt-stream,0,0,0,0,0,0,0,0,0,0,0,0,0,0,0,0,0,0,0,0,0,0,0,0,0,0,0,0,0,0
1579018754.346847,default-wsrr,0,0,0,0,0,0,0,0,0,0,0,0,0,0,0,0,0,0,0,0,0,0,0,0,0,0,0,0,0,0
1579018754.346847,deploySNIArtifacts-XMLMgr,0,0,0,0,0,0,0,0,0,0,0,0,0,0,0,0,0,0,0,0,0,0,0,0,0,0,0,0,0,0
1579018754.346847,mbaas_uri_to_host_xmlmgr,6375,34805,363441,2165675,47458036,6371,34778,362690,2161860,47402417,4,27,751,3815,55619,6381,34830,363504,2166255,47459920,6378,34814,363315,2164705,47432153,3,16,189,1550,27767
1579018864.414465,CustomDomainsAPIRouter-XMLMgr,0,0,0,0,10,0,0,0,0,0,0,0,0,0,10,0,0,0,0,10,0,0,0,0,10,0,0,0,0,0
1579018864.414465,default,0,2,15,91,2180,0,0,0,0,2,0,2,15,91,2178,0,2,15,91,2180,0,0,0,0,10,0,2,15,91,2170
1579018864.414465,default-attempt-stream,0,0,0,0,0,0,0,0,0,0,0,0,0,0,0,0,0,0,0,0,0,0,0,0,0,0,0,0,0,0
1579018864.414465,default-wsrr,0,0,0,0,0,0,0,0,0,0,0,0,0,0,0,0,0,0,0,0,0,0,0,0,0,0,0,0,0,0
1579018864.414465,deploySNIArtifacts-XMLMgr,0,0,0,0,0,0,0,0,0,0,0,0,0,0,0,0,0,0,0,0,0,0,0,0,0,0,0,0,0,0
1579018864.414465,mbaas_uri_to_host_xmlmgr,5767,35199,363187,2165675,47458036,5763,35168,362443,2161860,47402417,4,31,744,3815,55619,5773,35215,363289,2166255,47459920,5768,35198,363102,2164705,47432153,5,17,187,1550,27767
1579019354.7275,CustomDomainsAPIRouter-XMLMgr,0,0,0,0,10,0,0,0,0,0,0,0,0,0,10,0,0,0,0,10,0,0,0,0,10,0,0,0,0,0
1579019354.7275,default,1,2,15,90,2180,0,0,0,0,2,1,2,15,90,2178,1,2,15,90,2180,0,0,0,0,10,1,2,15,90,2170
1579019354.7275,default-attempt-stream,0,0,0,0,0,0,0,0,0,0,0,0,0,0,0,0,0,0,0,0,0,0,0,0,0,0,0,0,0,0
1579019354.7275,default-wsrr,0,0,0,0,0,0,0,0,0,0,0,0,0,0,0,0,0,0,0,0,0,0,0,0,0,0,0,0,0,0
1579019354.7275,deploySNIArtifacts-XMLMgr,0,0,0,0,0,0,0,0,0,0,0,0,0,0,0,0,0,0,0,0,0,0,0,0,0,0,0,0,0,0
1579019354.7275,mbaas_uri_to_host_xmlmgr,6229,36553,359940,2159411,47458036,6225,36516,359510,2155988,47402417,4,37,430,3423,55619,6212,36560,360068,2159991,47459920,6209,36539,359889,2158450,47432153,3,21,179,1541,27767
1579019464.734848,CustomDomainsAPIRouter-XMLMgr,0,0,0,0,10,0,0,0,0,0,0,0,0,0,10,0,0,0,0,10,0,0,0,0,10,0,0,0,0,0
1579019464.734848,default,0,1,15,90,2180,0,0,0,0,2,0,1,15,90,2178,0,1,15,90,2180,0,0,0,0,10,0,1,15,90,2170
1579019464.734848,default-attempt-stream,0,0,0,0,0,0,0,0,0,0,0,0,0,0,0,0,0,0,0,0,0,0,0,0,0,0,0,0,0,0
1579019464.734848,default-wsrr,0,0,0,0,0,0,0,0,0,0,0,0,0,0,0,0,0,0,0,0,0,0,0,0,0,0,0,0,0,0
1579019464.734848,deploySNIArtifacts-XMLMgr,0,0,0,0,0,0,0,0,0,0,0,0,0,0,0,0,0,0,0,0,0,0,0,0,0,0,0,0,0,0
1579019464.734848,mbaas_uri_to_host_xmlmgr,6375,36903,362234,2159411,47458036,6370,36879,361799,2155988,47402417,5,24,434,3423,55619,6362,36915,362323,2159991,47459920,6356,36899,362142,2158450,47432153,6,16,181,1541,27767
1579020065.059105,CustomDomainsAPIRouter-XMLMgr,0,0,0,0,10,0,0,0,0,0,0,0,0,0,10,0,0,0,0,10,0,0,0,0,10,0,0,0,0,0
1579020065.059105,default,1,2,14,90,2180,0,0,0,0,2,1,2,14,90,2178,1,2,14,90,2180,0,0,0,0,10,1,2,14,90,2170
1579020065.059105,default-attempt-stream,0,0,0,0,0,0,0,0,0,0,0,0,0,0,0,0,0,0,0,0,0,0,0,0,0,0,0,0,0,0
1579020065.059105,default-wsrr,0,0,0,0,0,0,0,0,0,0,0,0,0,0,0,0,0,0,0,0,0,0,0,0,0,0,0,0,0,0
1579020065.059105,deploySNIArtifacts-XMLMgr,0,0,0,0,0,0,0,0,0,0,0,0,0,0,0,0,0,0,0,0,0,0,0,0,0,0,0,0,0,0
1579020065.059105,mbaas_uri_to_host_xmlmgr,6415,37648,366813,2173867,47405808,6413,37204,366089,2170547,47348907,2,444,725,3320,56901,6432,37662,366903,2174446,47408229,6429,37646,366723,2172930,47380154,3,16,180,1516,28075
1579020665.384907,CustomDomainsAPIRouter-XMLMgr,0,0,0,0,10,0,0,0,0,0,0,0,0,0,10,0,0,0,0,10,0,0,0,0,10,0,0,0,0,0
1579020665.384907,default,0,1,16,90,2180,0,0,0,0,2,0,1,16,90,2178,0,1,16,90,2180,0,0,0,0,10,0,1,16,90,2170
1579020665.384907,default-attempt-stream,0,0,0,0,0,0,0,0,0,0,0,0,0,0,0,0,0,0,0,0,0,0,0,0,0,0,0,0,0,0
1579020665.384907,default-wsrr,0,0,0,0,0,0,0,0,0,0,0,0,0,0,0,0,0,0,0,0,0,0,0,0,0,0,0,0,0,0
1579020665.384907,deploySNIArtifacts-XMLMgr,0,0,0,0,0,0,0,0,0,0,0,0,0,0,0,0,0,0,0,0,0,0,0,0,0,0,0,0,0,0
1579020665.384907,mbaas_uri_to_host_xmlmgr,6319,36444,374362,2180015,47405808,6316,36413,374063,2176687,47348907,3,31,299,3327,56901,6317,36455,374467,2180593,47408229,6315,36442,374287,2179477,47380154,2,13,180,1116,28075
1579021265.714416,CustomDomainsAPIRouter-XMLMgr,0,0,0,0,10,0,0,0,0,0,0,0,0,0,10,0,0,0,0,10,0,0,0,0,10,0,0,0,0,0
1579021265.714416,default,0,2,15,90,2180,0,0,0,0,2,0,2,15,90,2178,0,2,15,90,2180,0,0,0,0,10,0,2,15,90,2170
1579021265.714416,default-attempt-stream,0,0,0,0,0,0,0,0,0,0,0,0,0,0,0,0,0,0,0,0,0,0,0,0,0,0,0,0,0,0
1579021265.714416,default-wsrr,0,0,0,0,0,0,0,0,0,0,0,0,0,0,0,0,0,0,0,0,0,0,0,0,0,0,0,0,0,0
1579021265.714416,deploySNIArtifacts-XMLMgr,0,0,0,0,0,0,0,0,0,0,0,0,0,0,0,0,0,0,0,0,0,0,0,0,0,0,0,0,0,0
1579021265.714416,mbaas_uri_to_host_xmlmgr,5982,34939,355566,2182143,47405808,5979,34911,355068,2178836,47348907,3,28,497,3307,56901,5980,34945,355646,2182705,47408229,5978,34928,355465,2181621,47380154,2,17,181,1084,28075
1579021866.043694,CustomDomainsAPIRouter-XMLMgr,0,0,0,0,10,0,0,0,0,0,0,0,0,0,10,0,0,0,0,10,0,0,0,0,10,0,0,0,0,0
1579021866.043694,default,0,1,15,90,2180,0,0,0,0,2,0,1,15,90,2178,0,1,15,90,2180,0,0,0,0,10,0,1,15,90,2170
1579021866.043694,default-attempt-stream,0,0,0,0,0,0,0,0,0,0,0,0,0,0,0,0,0,0,0,0,0,0,0,0,0,0,0,0,0,0
1579021866.043694,default-wsrr,0,0,0,0,0,0,0,0,0,0,0,0,0,0,0,0,0,0,0,0,0,0,0,0,0,0,0,0,0,0
1579021866.043694,deploySNIArtifacts-XMLMgr,0,0,0,0,0,0,0,0,0,0,0,0,0,0,0,0,0,0,0,0,0,0,0,0,0,0,0,0,0,0
1579021866.043694,mbaas_uri_to_host_xmlmgr,5979,34643,350002,2173302,47405808,5977,34616,349712,2170325,47348907,2,28,291,2977,56901,5982,34660,350117,2173874,47408229,5980,34645,349939,2172789,47380154,2,15,178,1085,28075
1579022466.38035,CustomDomainsAPIRouter-XMLMgr,0,0,0,0,10,0,0,0,0,0,0,0,0,0,10,0,0,0,0,10,0,0,0,0,10,0,0,0,0,0
1579022466.38035,default,0,2,14,89,2180,0,0,0,0,2,0,2,14,89,2178,0,2,14,89,2180,0,0,0,0,10,0,2,14,89,2170
1579022466.38035,default-attempt-stream,0,0,0,0,0,0,0,0,0,0,0,0,0,0,0,0,0,0,0,0,0,0,0,0,0,0,0,0,0,0
1579022466.38035,default-wsrr,0,0,0,0,0,0,0,0,0,0,0,0,0,0,0,0,0,0,0,0,0,0,0,0,0,0,0,0,0,0
1579022466.38035,deploySNIArtifacts-XMLMgr,0,0,0,0,0,0,0,0,0,0,0,0,0,0,0,0,0,0,0,0,0,0,0,0,0,0,0,0,0,0
1579022466.38035,mbaas_uri_to_host_xmlmgr,5779,34504,352882,2166354,47405808,5775,34477,352486,2163712,47348907,4,27,396,2642,56901,5762,34492,352969,2166942,47408229,5759,34475,352794,2165858,47380154,3,17,175,1084,28075
1579023066.696435,CustomDomainsAPIRouter-XMLMgr,0,0,0,0,10,0,0,0,0,0,0,0,0,0,10,0,0,0,0,10,0,0,0,0,10,0,0,0,0,0
1579023066.696435,default,0,1,16,91,2180,0,0,0,0,2,0,1,16,91,2178,0,1,16,91,2180,0,0,0,0,10,0,1,16,91,2170
1579023066.696435,default-attempt-stream,0,0,0,0,0,0,0,0,0,0,0,0,0,0,0,0,0,0,0,0,0,0,0,0,0,0,0,0,0,0
1579023066.696435,default-wsrr,0,0,0,0,0,0,0,0,0,0,0,0,0,0,0,0,0,0,0,0,0,0,0,0,0,0,0,0,0,0
1579023066.696435,deploySNIArtifacts-XMLMgr,0,0,0,0,0,0,0,0,0,0,0,0,0,0,0,0,0,0,0,0,0,0,0,0,0,0,0,0,0,0
1579023066.696435,mbaas_uri_to_host_xmlmgr,5519,33600,341266,2150781,47405808,5516,33562,340927,2148118,47348907,3,38,339,2663,56901,5507,33602,341360,2151335,47408229,5504,33584,341185,2150261,47380154,3,18,175,1074,28075
1579023667.015623,CustomDomainsAPIRouter-XMLMgr,0,0,0,0,10,0,0,0,0,0,0,0,0,0,10,0,0,0,0,10,0,0,0,0,10,0,0,0,0,0
1579023667.015623,default,0,1,15,90,2180,0,0,0,0,2,0,1,15,90,2178,0,1,15,90,2180,0,0,0,0,10,0,1,15,90,2170
1579023667.015623,default-attempt-stream,0,0,0,0,0,0,0,0,0,0,0,0,0,0,0,0,0,0,0,0,0,0,0,0,0,0,0,0,0,0
1579023667.015623,default-wsrr,0,0,0,0,0,0,0,0,0,0,0,0,0,0,0,0,0,0,0,0,0,0,0,0,0,0,0,0,0,0
1579023667.015623,deploySNIArtifacts-XMLMgr,0,0,0,0,0,0,0,0,0,0,0,0,0,0,0,0,0,0,0,0,0,0,0,0,0,0,0,0,0,0
1579023667.015623,mbaas_uri_to_host_xmlmgr,5374,32485,327880,2120782,47346648,5373,32462,327133,2118253,47288959,1,23,747,2529,57689,5373,32488,327988,2121356,47349614,5370,32470,327818,2120288,47321658,3,18,170,1068,27956
1579024267.359729,CustomDomainsAPIRouter-XMLMgr,0,0,0,0,10,0,0,0,0,0,0,0,0,0,10,0,0,0,0,10,0,0,0,0,10,0,0,0,0,0
1579024267.359729,default,0,1,14,90,2180,0,0,0,0,2,0,1,14,90,2178,0,1,14,90,2180,0,0,0,0,10,0,1,14,90,2170
1579024267.359729,default-attempt-stream,0,0,0,0,0,0,0,0,0,0,0,0,0,0,0,0,0,0,0,0,0,0,0,0,0,0,0,0,0,0
1579024267.359729,default-wsrr,0,0,0,0,0,0,0,0,0,0,0,0,0,0,0,0,0,0,0,0,0,0,0,0,0,0,0,0,0,0
1579024267.359729,deploySNIArtifacts-XMLMgr,0,0,0,0,0,0,0,0,0,0,0,0,0,0,0,0,0,0,0,0,0,0,0,0,0,0,0,0,0,0
1579024267.359729,mbaas_uri_to_host_xmlmgr,5336,31908,322095,2073688,47346648,5331,31877,321766,2071122,47288959,5,31,329,2567,57689,5331,31908,322181,2074276,47349614,5326,31888,321994,2073219,47321658,5,20,187,1057,27956
1579024867.661648,CustomDomainsAPIRouter-XMLMgr,0,0,0,0,10,0,0,0,0,0,0,0,0,0,10,0,0,0,0,10,0,0,0,0,10,0,0,0,0,0
1579024867.661648,default,0,2,16,90,2180,0,0,0,0,2,0,2,16,90,2178,0,2,16,90,2180,0,0,0,0,10,0,2,16,90,2170
1579024867.661648,default-attempt-stream,0,0,0,0,0,0,0,0,0,0,0,0,0,0,0,0,0,0,0,0,0,0,0,0,0,0,0,0,0,0
1579024867.661648,default-wsrr,0,0,0,0,0,0,0,0,0,0,0,0,0,0,0,0,0,0,0,0,0,0,0,0,0,0,0,0,0,0
1579024867.661648,deploySNIArtifacts-XMLMgr,0,0,0,0,0,0,0,0,0,0,0,0,0,0,0,0,0,0,0,0,0,0,0,0,0,0,0,0,0,0
1579024867.661648,mbaas_uri_to_host_xmlmgr,5024,29471,306097,2023834,47346648,5020,29441,305430,2020982,47288959,4,30,667,2852,57689,5032,29485,306204,2024438,47349614,5028,29464,306018,2023366,47321658,4,21,186,1072,27956
1579025467.98834,CustomDomainsAPIRouter-XMLMgr,0,0,2,1,10,0,0,0,0,0,0,0,2,1,10,0,0,2,1,10,0,0,2,1,10,0,0,0,0,0
1579025467.98834,default,1,1,16,91,2180,0,0,0,0,2,1,1,16,91,2178,1,1,16,91,2180,0,0,2,1,10,1,1,14,90,2170
1579025467.98834,default-attempt-stream,0,0,0,0,0,0,0,0,0,0,0,0,0,0,0,0,0,0,0,0,0,0,0,0,0,0,0,0,0,0
1579025467.98834,default-wsrr,0,0,0,0,0,0,0,0,0,0,0,0,0,0,0,0,0,0,0,0,0,0,0,0,0,0,0,0,0,0
1579025467.98834,deploySNIArtifacts-XMLMgr,0,0,0,0,0,0,0,0,0,0,0,0,0,0,0,0,0,0,0,0,0,0,0,0,0,0,0,0,0,0
1579025467.98834,mbaas_uri_to_host_xmlmgr,5559,29914,304752,1978706,47346648,5556,29726,304242,1975894,47288959,3,188,510,2812,57689,5614,29919,304844,1979287,47349614,5612,29900,304632,1978192,47321658,2,19,212,1095,27956
1579026068.28788,CustomDomainsAPIRouter-XMLMgr,0,0,0,2,10,0,0,0,0,0,0,0,0,2,10,0,0,0,2,10,0,0,0,2,10,0,0,0,0,0
1579026068.28788,default,1,1,15,91,2180,0,0,0,0,2,1,1,15,91,2178,1,1,15,91,2180,0,0,0,2,10,1,1,15,89,2170
1579026068.28788,default-attempt-stream,0,0,0,0,0,0,0,0,0,0,0,0,0,0,0,0,0,0,0,0,0,0,0,0,0,0,0,0,0,0
1579026068.28788,default-wsrr,0,0,0,0,0,0,0,0,0,0,0,0,0,0,0,0,0,0,0,0,0,0,0,0,0,0,0,0,0,0
1579026068.28788,deploySNIArtifacts-XMLMgr,0,0,0,0,0,0,0,0,0,0,0,0,0,0,0,0,0,0,0,0,0,0,0,0,0,0,0,0,0,0
1579026068.28788,mbaas_uri_to_host_xmlmgr,5498,29941,301635,1927835,47346648,5491,29916,301310,1924916,47288959,7,25,325,2919,57689,5493,29990,301733,1928417,47349614,5490,29973,301556,1927304,47321658,3,17,177,1113,27956
1579026668.633288,CustomDomainsAPIRouter-XMLMgr,0,0,0,2,10,0,0,0,0,0,0,0,0,2,10,0,0,0,2,10,0,0,0,2,10,0,0,0,0,0
1579026668.633288,default,1,2,15,90,2180,0,0,0,0,2,1,2,15,90,2178,1,2,15,90,2180,0,0,0,2,10,1,2,15,88,2170
1579026668.633288,default-attempt-stream,0,0,0,0,0,0,0,0,0,0,0,0,0,0,0,0,0,0,0,0,0,0,0,0,0,0,0,0,0,0
1579026668.633288,default-wsrr,0,0,0,0,0,0,0,0,0,0,0,0,0,0,0,0,0,0,0,0,0,0,0,0,0,0,0,0,0,0
1579026668.633288,deploySNIArtifacts-XMLMgr,0,0,0,0,0,0,0,0,0,0,0,0,0,0,0,0,0,0,0,0,0,0,0,0,0,0,0,0,0,0
1579026668.633288,mbaas_uri_to_host_xmlmgr,5139,27449,291358,1883838,47346648,5127,27413,290727,1880600,47288959,12,36,631,3238,57689,5132,27455,291437,1884435,47349614,5127,27436,291269,1883322,47321658,5,19,168,1113,27956
1579027268.957198,CustomDomainsAPIRouter-XMLMgr,0,0,1,2,10,0,0,0,0,0,0,0,1,2,10,0,0,1,2,10,0,0,1,2,10,0,0,0,0,0
1579027268.957198,default,1,2,15,91,2178,0,0,0,0,2,1,2,15,91,2176,1,2,15,91,2178,0,0,1,2,10,1,2,14,89,2168
1579027268.957198,default-attempt-stream,0,0,0,0,0,0,0,0,0,0,0,0,0,0,0,0,0,0,0,0,0,0,0,0,0,0,0,0,0,0
1579027268.957198,default-wsrr,0,0,0,0,0,0,0,0,0,0,0,0,0,0,0,0,0,0,0,0,0,0,0,0,0,0,0,0,0,0
1579027268.957198,deploySNIArtifacts-XMLMgr,0,0,0,0,0,0,0,0,0,0,0,0,0,0,0,0,0,0,0,0,0,0,0,0,0,0,0,0,0,0
1579027268.957198,mbaas_uri_to_host_xmlmgr,5181,29588,281897,1826117,47261197,5175,29563,281595,1822885,47202175,6,25,302,3232,59022,5183,29602,281973,1826679,47264678,5180,29587,281800,1825576,47236687,3,15,173,1103,27991
1579027869.278674,CustomDomainsAPIRouter-XMLMgr,0,0,0,3,10,0,0,0,0,0,0,0,0,3,10,0,0,0,3,10,0,0,0,3,10,0,0,0,0,0
1579027869.278674,default,1,1,16,92,2178,0,0,0,0,2,1,1,16,92,2176,1,1,16,92,2178,0,0,0,3,10,1,1,16,89,2168
1579027869.278674,default-attempt-stream,0,0,0,0,0,0,0,0,0,0,0,0,0,0,0,0,0,0,0,0,0,0,0,0,0,0,0,0,0,0
1579027869.278674,default-wsrr,0,0,0,0,0,0,0,0,0,0,0,0,0,0,0,0,0,0,0,0,0,0,0,0,0,0,0,0,0,0
1579027869.278674,deploySNIArtifacts-XMLMgr,0,0,0,0,0,0,0,0,0,0,0,0,0,0,0,0,0,0,0,0,0,0,0,0,0,0,0,0,0,0
1579027869.278674,mbaas_uri_to_host_xmlmgr,5028,27247,288450,1795647,47261197,5020,27213,288143,1792871,47202175,8,34,307,2776,59022,5036,27274,288534,1796174,47264678,5033,27255,288358,1795084,47236687,3,19,176,1090,27991
1579028469.595627,CustomDomainsAPIRouter-XMLMgr,0,0,0,3,10,0,0,0,0,0,0,0,0,3,10,0,0,0,3,10,0,0,0,3,10,0,0,0,0,0
1579028469.595627,default,1,1,15,93,2178,0,0,0,0,2,1,1,15,93,2176,1,1,15,93,2178,0,0,0,3,10,1,1,15,90,2168
1579028469.595627,default-attempt-stream,0,0,0,0,0,0,0,0,0,0,0,0,0,0,0,0,0,0,0,0,0,0,0,0,0,0,0,0,0,0
1579028469.595627,default-wsrr,0,0,0,0,0,0,0,0,0,0,0,0,0,0,0,0,0,0,0,0,0,0,0,0,0,0,0,0,0,0
1579028469.595627,deploySNIArtifacts-XMLMgr,0,0,0,0,0,0,0,0,0,0,0,0,0,0,0,0,0,0,0,0,0,0,0,0,0,0,0,0,0,0
1579028469.595627,mbaas_uri_to_host_xmlmgr,5038,26659,269001,1752890,47261197,5030,26629,268707,1750505,47202175,8,30,294,2385,59022,5053,26670,269078,1753392,47264678,5049,26653,268902,1752309,47236687,4,17,176,1083,27991
1579029069.918568,CustomDomainsAPIRouter-XMLMgr,0,0,0,2,10,0,0,0,0,0,0,0,0,2,10,0,0,0,2,10,0,0,0,2,10,0,0,0,0,0
1579029069.918568,default,1,1,15,91,2178,0,0,0,0,2,1,1,15,91,2176,1,1,15,91,2178,0,0,0,2,10,1,1,15,89,2168
1579029069.918568,default-attempt-stream,0,0,0,0,0,0,0,0,0,0,0,0,0,0,0,0,0,0,0,0,0,0,0,0,0,0,0,0,0,0
1579029069.918568,default-wsrr,0,0,0,0,0,0,0,0,0,0,0,0,0,0,0,0,0,0,0,0,0,0,0,0,0,0,0,0,0,0
1579029069.918568,deploySNIArtifacts-XMLMgr,0,0,0,0,0,0,0,0,0,0,0,0,0,0,0,0,0,0,0,0,0,0,0,0,0,0,0,0,0,0
1579029069.918568,mbaas_uri_to_host_xmlmgr,4827,26020,265926,1717510,47261197,4821,25993,265637,1715175,47202175,6,27,289,2335,59022,4843,26030,266001,1718025,47264678,4840,26016,265822,1716966,47236687,3,14,179,1059,27991
1579029670.227657,CustomDomainsAPIRouter-XMLMgr,0,0,0,1,10,0,0,0,0,0,0,0,0,1,10,0,0,0,1,10,0,0,0,1,10,0,0,0,0,0
1579029670.227657,default,1,1,15,91,2178,0,0,0,0,2,1,1,15,91,2176,1,1,15,91,2178,0,0,0,1,10,1,1,15,90,2168
1579029670.227657,default-attempt-stream,0,0,0,0,0,0,0,0,0,0,0,0,0,0,0,0,0,0,0,0,0,0,0,0,0,0,0,0,0,0
1579029670.227657,default-wsrr,0,0,0,0,0,0,0,0,0,0,0,0,0,0,0,0,0,0,0,0,0,0,0,0,0,0,0,0,0,0
1579029670.227657,deploySNIArtifacts-XMLMgr,0,0,0,0,0,0,0,0,0,0,0,0,0,0,0,0,0,0,0,0,0,0,0,0,0,0,0,0,0,0
1579029670.227657,mbaas_uri_to_host_xmlmgr,4733,26340,268531,1681854,47261197,4723,26312,268210,1679726,47202175,10,28,321,2128,59022,4722,26327,268606,1682348,47264678,4720,26310,268416,1681304,47236687,2,17,190,1044,27991
1579030270.540831,CustomDomainsAPIRouter-XMLMgr,0,0,0,1,10,0,0,0,0,0,0,0,0,1,10,0,0,0,1,10,0,0,0,1,10,0,0,0,0,0
1579030270.540831,default,1,2,14,92,2178,0,0,0,0,2,1,2,14,92,2176,1,2,14,92,2178,0,0,0,1,10,1,2,14,91,2168
1579030270.540831,default-attempt-stream,0,0,0,0,0,0,0,0,0,0,0,0,0,0,0,0,0,0,0,0,0,0,0,0,0,0,0,0,0,0
1579030270.540831,default-wsrr,0,0,0,0,0,0,0,0,0,0,0,0,0,0,0,0,0,0,0,0,0,0,0,0,0,0,0,0,0,0
1579030270.540831,deploySNIArtifacts-XMLMgr,0,0,0,0,0,0,0,0,0,0,0,0,0,0,0,0,0,0,0,0,0,0,0,0,0,0,0,0,0,0
1579030270.540831,mbaas_uri_to_host_xmlmgr,4559,26369,260918,1649921,47261197,4548,26334,260633,1648135,47202175,11,35,285,1786,59022,4561,26367,261002,1650391,47264678,4559,26354,260841,1649340,47236687,2,13,161,1051,27991
1579030870.869839,CustomDomainsAPIRouter-XMLMgr,0,0,0,1,9,0,0,0,0,0,0,0,0,1,9,0,0,0,1,9,0,0,0,1,9,0,0,0,0,0
1579030870.869839,default,1,1,16,92,2179,0,0,0,0,1,1,1,16,92,2178,1,1,16,92,2179,0,0,0,1,9,1,1,16,91,2170
1579030870.869839,default-attempt-stream,0,0,0,0,0,0,0,0,0,0,0,0,0,0,0,0,0,0,0,0,0,0,0,0,0,0,0,0,0,0
1579030870.869839,default-wsrr,0,0,0,0,0,0,0,0,0,0,0,0,0,0,0,0,0,0,0,0,0,0,0,0,0,0,0,0,0,0
1579030870.869839,deploySNIArtifacts-XMLMgr,0,0,0,0,0,0,0,0,0,0,0,0,0,0,0,0,0,0,0,0,0,0,0,0,0,0,0,0,0,0
1579030870.869839,mbaas_uri_to_host_xmlmgr,4966,26759,262726,1629848,47177932,4961,26742,262438,1628054,47119277,5,17,288,1794,58655,4981,26770,262819,1630310,47181840,4977,26753,262660,1629258,47153875,4,17,159,1052,27965
1579031471.214625,CustomDomainsAPIRouter-XMLMgr,0,0,0,0,9,0,0,0,0,0,0,0,0,0,9,0,0,0,0,9,0,0,0,0,9,0,0,0,0,0
1579031471.214625,default,1,2,15,90,2179,0,0,0,0,1,1,2,15,90,2178,1,2,15,90,2179,0,0,0,0,9,1,2,15,90,2170
1579031471.214625,default-attempt-stream,0,0,0,0,0,0,0,0,0,0,0,0,0,0,0,0,0,0,0,0,0,0,0,0,0,0,0,0,0,0
1579031471.214625,default-wsrr,0,0,0,0,0,0,0,0,0,0,0,0,0,0,0,0,0,0,0,0,0,0,0,0,0,0,0,0,0,0
1579031471.214625,deploySNIArtifacts-XMLMgr,0,0,0,0,0,0,0,0,0,0,0,0,0,0,0,0,0,0,0,0,0,0,0,0,0,0,0,0,0,0
1579031471.214625,mbaas_uri_to_host_xmlmgr,4995,26407,257827,1599589,47177932,4978,26367,257266,1597561,47119277,17,40,561,2028,58655,4983,26393,257917,1600083,47181840,4979,26373,257745,1599038,47153875,4,20,172,1045,27965
1579032071.519595,CustomDomainsAPIRouter-XMLMgr,0,0,0,0,9,0,0,0,0,0,0,0,0,0,9,0,0,0,0,9,0,0,0,0,9,0,0,0,0,0
1579032071.519595,default,1,2,15,90,2179,0,0,0,0,1,1,2,15,90,2178,1,2,15,90,2179,0,0,0,0,9,1,2,15,90,2170
1579032071.519595,default-attempt-stream,0,0,0,0,0,0,0,0,0,0,0,0,0,0,0,0,0,0,0,0,0,0,0,0,0,0,0,0,0,0
1579032071.519595,default-wsrr,0,0,0,0,0,0,0,0,0,0,0,0,0,0,0,0,0,0,0,0,0,0,0,0,0,0,0,0,0,0
1579032071.519595,deploySNIArtifacts-XMLMgr,0,0,0,0,0,0,0,0,0,0,0,0,0,0,0,0,0,0,0,0,0,0,0,0,0,0,0,0,0,0
1579032071.519595,mbaas_uri_to_host_xmlmgr,4961,24506,252727,1579426,47177932,4954,24380,252432,1577384,47119277,7,126,295,2042,58655,4971,24523,252804,1579916,47181840,4969,24508,252620,1578861,47153875,2,15,184,1055,27965
1579032671.826291,CustomDomainsAPIRouter-XMLMgr,0,0,0,0,9,0,0,0,0,0,0,0,0,0,9,0,0,0,0,9,0,0,0,0,9,0,0,0,0,0
1579032671.826291,default,1,1,16,91,2179,0,0,0,0,1,1,1,16,91,2178,1,1,16,91,2179,0,0,0,0,9,1,1,16,91,2170
1579032671.826291,default-attempt-stream,0,0,0,0,0,0,0,0,0,0,0,0,0,0,0,0,0,0,0,0,0,0,0,0,0,0,0,0,0,0
1579032671.826291,default-wsrr,0,0,0,0,0,0,0,0,0,0,0,0,0,0,0,0,0,0,0,0,0,0,0,0,0,0,0,0,0,0
1579032671.826291,deploySNIArtifacts-XMLMgr,0,0,0,0,0,0,0,0,0,0,0,0,0,0,0,0,0,0,0,0,0,0,0,0,0,0,0,0,0,0
1579032671.826291,mbaas_uri_to_host_xmlmgr,4571,24815,240657,1554346,47177932,4565,24790,240263,1552207,47119277,6,25,394,2139,58655,4580,24835,240739,1554835,47181840,4578,24820,240561,1553790,47153875,2,15,178,1045,27965
1579033272.290522,CustomDomainsAPIRouter-XMLMgr,0,0,0,0,9,0,0,0,0,0,0,0,0,0,9,0,0,0,0,9,0,0,0,0,9,0,0,0,0,0
1579033272.290522,default,1,1,14,91,2179,0,0,0,0,1,1,1,14,91,2178,1,1,14,91,2179,0,0,0,0,9,1,1,14,91,2170
1579033272.290522,default-attempt-stream,0,0,0,0,0,0,0,0,0,0,0,0,0,0,0,0,0,0,0,0,0,0,0,0,0,0,0,0,0,0
1579033272.290522,default-wsrr,0,0,0,0,0,0,0,0,0,0,0,0,0,0,0,0,0,0,0,0,0,0,0,0,0,0,0,0,0,0
1579033272.290522,deploySNIArtifacts-XMLMgr,0,0,0,0,0,0,0,0,0,0,0,0,0,0,0,0,0,0,0,0,0,0,0,0,0,0,0,0,0,0
1579033272.290522,mbaas_uri_to_host_xmlmgr,4631,24639,244574,1531880,47177932,4622,24612,243948,1529719,47119277,9,27,626,2161,58655,4633,24636,244672,1532377,47181840,4631,24619,244506,1531343,47153875,2,17,166,1034,27965
1579033872.621374,CustomDomainsAPIRouter-XMLMgr,0,0,0,0,9,0,0,0,0,0,0,0,0,0,9,0,0,0,0,9,0,0,0,0,9,0,0,0,0,0
1579033872.621374,default,1,2,15,90,2179,0,0,0,0,1,1,2,15,90,2178,1,2,15,90,2179,0,0,0,0,9,1,2,15,90,2170
1579033872.621374,default-attempt-stream,0,0,0,0,0,0,0,0,0,0,0,0,0,0,0,0,0,0,0,0,0,0,0,0,0,0,0,0,0,0
1579033872.621374,default-wsrr,0,0,0,0,0,0,0,0,0,0,0,0,0,0,0,0,0,0,0,0,0,0,0,0,0,0,0,0,0,0
1579033872.621374,deploySNIArtifacts-XMLMgr,0,0,0,0,0,0,0,0,0,0,0,0,0,0,0,0,0,0,0,0,0,0,0,0,0,0,0,0,0,0
1579033872.621374,mbaas_uri_to_host_xmlmgr,4372,22912,230308,1506780,47177932,4365,22883,230039,1504336,47119277,7,29,269,2444,58655,4385,22936,230389,1507295,47181840,4382,22920,230216,1506276,47153875,3,16,173,1019,27965
1579034472.913839,CustomDomainsAPIRouter-XMLMgr,0,0,0,0,4,0,0,0,0,0,0,0,0,0,4,0,0,0,0,4,0,0,0,0,4,0,0,0,0,0
1579034472.913839,default,1,2,15,89,2171,0,0,0,0,0,1,2,15,89,2171,1,2,15,89,2171,0,0,0,0,3,1,2,15,89,2168
1579034472.913839,default-attempt-stream,0,0,0,0,0,0,0,0,0,0,0,0,0,0,0,0,0,0,0,0,0,0,0,0,0,0,0,0,0,0
1579034472.913839,default-wsrr,0,0,0,0,0,0,0,0,0,0,0,0,0,0,0,0,0,0,0,0,0,0,0,0,0,0,0,0,0,0
1579034472.913839,deploySNIArtifacts-XMLMgr,0,0,0,0,0,0,0,0,0,0,0,0,0,0,0,0,0,0,0,0,0,0,0,0,0,0,0,0,0,0
1579034472.913839,mbaas_uri_to_host_xmlmgr,4264,23010,231474,1471826,47195259,4253,22982,231076,1469298,47135843,11,28,398,2528,59416,4280,23024,231565,1472352,47199635,4276,23009,231399,1471328,47171852,4,15,166,1024,27783
1579035073.221709,CustomDomainsAPIRouter-XMLMgr,0,0,0,0,4,0,0,0,0,0,0,0,0,0,4,0,0,0,0,4,0,0,0,0,4,0,0,0,0,0
1579035073.221709,default,1,1,16,90,2171,0,0,0,0,0,1,1,16,90,2171,1,1,16,90,2171,0,0,0,0,3,1,1,16,90,2168
1579035073.221709,default-attempt-stream,0,0,0,0,0,0,0,0,0,0,0,0,0,0,0,0,0,0,0,0,0,0,0,0,0,0,0,0,0,0
1579035073.221709,default-wsrr,0,0,0,0,0,0,0,0,0,0,0,0,0,0,0,0,0,0,0,0,0,0,0,0,0,0,0,0,0,0
1579035073.221709,deploySNIArtifacts-XMLMgr,0,0,0,0,0,0,0,0,0,0,0,0,0,0,0,0,0,0,0,0,0,0,0,0,0,0,0,0,0,0
1579035073.221709,mbaas_uri_to_host_xmlmgr,4530,23705,241194,1444955,47195259,4523,23681,240888,1442658,47135843,7,24,306,2297,59416,4541,23727,241275,1445463,47199635,4538,23712,241117,1444433,47171852,3,15,158,1030,27783
1579035673.514664,CustomDomainsAPIRouter-XMLMgr,0,0,0,0,4,0,0,0,0,0,0,0,0,0,4,0,0,0,0,4,0,0,0,0,4,0,0,0,0,0
1579035673.514664,default,1,2,14,90,2171,0,0,0,0,0,1,2,14,90,2171,1,2,14,90,2171,0,0,0,0,3,1,2,14,90,2168
1579035673.514664,default-attempt-stream,0,0,0,0,0,0,0,0,0,0,0,0,0,0,0,0,0,0,0,0,0,0,0,0,0,0,0,0,0,0
1579035673.514664,default-wsrr,0,0,0,0,0,0,0,0,0,0,0,0,0,0,0,0,0,0,0,0,0,0,0,0,0,0,0,0,0,0
1579035673.514664,deploySNIArtifacts-XMLMgr,0,0,0,0,0,0,0,0,0,0,0,0,0,0,0,0,0,0,0,0,0,0,0,0,0,0,0,0,0,0
1579035673.514664,mbaas_uri_to_host_xmlmgr,4079,22451,234237,1432089,47195259,4037,22249,233796,1429794,47135843,42,202,441,2295,59416,4061,22299,234127,1432610,47199635,4059,22281,233954,1431599,47171852,2,18,173,1011,27783
1579036273.820551,CustomDomainsAPIRouter-XMLMgr,0,0,0,0,4,0,0,0,0,0,0,0,0,0,4,0,0,0,0,4,0,0,0,0,4,0,0,0,0,0
1579036273.820551,default,1,1,15,90,2171,0,0,0,0,0,1,1,15,90,2171,1,1,15,90,2171,0,0,0,0,3,1,1,15,90,2168
1579036273.820551,default-attempt-stream,0,0,0,0,0,0,0,0,0,0,0,0,0,0,0,0,0,0,0,0,0,0,0,0,0,0,0,0,0,0
1579036273.820551,default-wsrr,0,0,0,0,0,0,0,0,0,0,0,0,0,0,0,0,0,0,0,0,0,0,0,0,0,0,0,0,0,0
1579036273.820551,deploySNIArtifacts-XMLMgr,0,0,0,0,0,0,0,0,0,0,0,0,0,0,0,0,0,0,0,0,0,0,0,0,0,0,0,0,0,0
1579036273.820551,mbaas_uri_to_host_xmlmgr,4088,21563,229039,1418209,47195259,4056,21389,227254,1415072,47135843,32,174,1785,3137,59416,4101,21560,229006,1418438,47199635,4068,21407,227438,1416724,47171852,33,153,1568,1714,27783
1579036874.14375,CustomDomainsAPIRouter-XMLMgr,0,0,0,0,4,0,0,0,0,0,0,0,0,0,4,0,0,0,0,4,0,0,0,0,4,0,0,0,0,0
1579036874.14375,default,1,2,13,89,2171,0,0,0,0,0,1,2,13,89,2171,1,2,13,89,2171,0,0,0,0,3,1,2,13,89,2168
1579036874.14375,default-attempt-stream,0,0,0,0,0,0,0,0,0,0,0,0,0,0,0,0,0,0,0,0,0,0,0,0,0,0,0,0,0,0
1579036874.14375,default-wsrr,0,0,0,0,0,0,0,0,0,0,0,0,0,0,0,0,0,0,0,0,0,0,0,0,0,0,0,0,0,0
1579036874.14375,deploySNIArtifacts-XMLMgr,0,0,0,0,0,0,0,0,0,0,0,0,0,0,0,0,0,0,0,0,0,0,0,0,0,0,0,0,0,0
1579036874.14375,mbaas_uri_to_host_xmlmgr,4289,21731,223185,1400967,47195259,4255,21575,221665,1396536,47135843,34,156,1520,4431,59416,4283,21729,223317,1401240,47199635,4259,21583,221830,1398107,47171852,24,146,1487,3133,27783
1579037474.48679,CustomDomainsAPIRouter-XMLMgr,0,0,0,0,4,0,0,0,0,0,0,0,0,0,4,0,0,0,0,4,0,0,0,0,4,0,0,0,0,0
1579037474.48679,default,1,1,15,87,2171,0,0,0,0,0,1,1,15,87,2171,1,1,15,87,2171,0,0,0,0,3,1,1,15,87,2168
1579037474.48679,default-attempt-stream,0,0,0,0,0,0,0,0,0,0,0,0,0,0,0,0,0,0,0,0,0,0,0,0,0,0,0,0,0,0
1579037474.48679,default-wsrr,0,0,0,0,0,0,0,0,0,0,0,0,0,0,0,0,0,0,0,0,0,0,0,0,0,0,0,0,0,0
1579037474.48679,deploySNIArtifacts-XMLMgr,0,0,0,0,0,0,0,0,0,0,0,0,0,0,0,0,0,0,0,0,0,0,0,0,0,0,0,0,0,0
1579037474.48679,mbaas_uri_to_host_xmlmgr,4187,20915,217257,1377247,47195259,4173,20769,215565,1371888,47135843,14,146,1692,5359,59416,4213,20982,217261,1377483,47199635,4165,20777,215724,1373097,47171852,48,205,1537,4386,27783
1579038074.803511,CustomDomainsAPIRouter-XMLMgr,0,0,0,0,4,0,0,0,0,0,0,0,0,0,4,0,0,0,0,4,0,0,0,0,4,0,0,0,0,0
1579038074.803511,default,1,2,16,89,2168,0,0,0,0,0,1,2,16,89,2168,1,2,16,89,2168,0,0,0,0,3,1,2,16,89,2165
1579038074.803511,default-attempt-stream,0,0,0,0,0,0,0,0,0,0,0,0,0,0,0,0,0,0,0,0,0,0,0,0,0,0,0,0,0,0
1579038074.803511,default-wsrr,0,0,0,0,0,0,0,0,0,0,0,0,0,0,0,0,0,0,0,0,0,0,0,0,0,0,0,0,0,0
1579038074.803511,deploySNIArtifacts-XMLMgr,0,0,0,0,0,0,0,0,0,0,0,0,0,0,0,0,0,0,0,0,0,0,0,0,0,0,0,0,0,0
1579038074.803511,mbaas_uri_to_host_xmlmgr,3990,20197,208625,1367261,47180304,3985,20170,207352,1360605,47116161,5,27,1273,6656,64143,3993,20231,209019,1367497,47184894,3988,20199,207742,1361710,47152464,5,32,1277,5787,32430
1579038675.122504,CustomDomainsAPIRouter-XMLMgr,0,0,0,0,4,0,0,0,0,0,0,0,0,0,4,0,0,0,0,4,0,0,0,0,4,0,0,0,0,0
1579038675.122504,default,1,2,16,89,2168,0,0,0,0,0,1,2,16,89,2168,1,2,16,89,2168,0,0,0,0,3,1,2,16,89,2165
1579038675.122504,default-attempt-stream,0,0,0,0,0,0,0,0,0,0,0,0,0,0,0,0,0,0,0,0,0,0,0,0,0,0,0,0,0,0
1579038675.122504,default-wsrr,0,0,0,0,0,0,0,0,0,0,0,0,0,0,0,0,0,0,0,0,0,0,0,0,0,0,0,0,0,0
1579038675.122504,deploySNIArtifacts-XMLMgr,0,0,0,0,0,0,0,0,0,0,0,0,0,0,0,0,0,0,0,0,0,0,0,0,0,0,0,0,0,0
1579038675.122504,mbaas_uri_to_host_xmlmgr,3927,19551,208254,1340194,47180304,3910,19429,207050,1332800,47116161,17,122,1204,7394,64143,3925,19550,208126,1340438,47184894,3905,19435,207121,1333960,47152464,20,115,1005,6478,32430
1579039275.432544,CustomDomainsAPIRouter-XMLMgr,0,0,0,0,4,0,0,0,0,0,0,0,0,0,4,0,0,0,0,4,0,0,0,0,4,0,0,0,0,0
1579039275.432544,default,1,1,15,89,2168,0,0,0,0,0,1,1,15,89,2168,1,1,15,89,2168,0,0,0,0,3,1,1,15,89,2165
1579039275.432544,default-attempt-stream,0,0,0,0,0,0,0,0,0,0,0,0,0,0,0,0,0,0,0,0,0,0,0,0,0,0,0,0,0,0
1579039275.432544,default-wsrr,0,0,0,0,0,0,0,0,0,0,0,0,0,0,0,0,0,0,0,0,0,0,0,0,0,0,0,0,0,0
1579039275.432544,deploySNIArtifacts-XMLMgr,0,0,0,0,0,0,0,0,0,0,0,0,0,0,0,0,0,0,0,0,0,0,0,0,0,0,0,0,0,0
1579039275.432544,mbaas_uri_to_host_xmlmgr,3549,18294,190366,1295695,47180304,3525,18158,189043,1287300,47116161,24,136,1323,8395,64143,3550,18290,190432,1295970,47184894,3533,18174,189186,1288377,47152464,17,116,1246,7593,32430
1579039875.761388,CustomDomainsAPIRouter-XMLMgr,0,0,0,0,4,0,0,0,0,0,0,0,0,0,4,0,0,0,0,4,0,0,0,0,4,0,0,0,0,0
1579039875.761388,default,1,1,14,89,2168,0,0,0,0,0,1,1,14,89,2168,1,1,14,89,2168,0,0,0,0,3,1,1,14,89,2165
1579039875.761388,default-attempt-stream,0,0,0,0,0,0,0,0,0,0,0,0,0,0,0,0,0,0,0,0,0,0,0,0,0,0,0,0,0,0
1579039875.761388,default-wsrr,0,0,0,0,0,0,0,0,0,0,0,0,0,0,0,0,0,0,0,0,0,0,0,0,0,0,0,0,0,0
1579039875.761388,deploySNIArtifacts-XMLMgr,0,0,0,0,0,0,0,0,0,0,0,0,0,0,0,0,0,0,0,0,0,0,0,0,0,0,0,0,0,0
1579039875.761388,mbaas_uri_to_host_xmlmgr,2716,18987,192815,1257056,47180304,2666,18848,191679,1248635,47116161,50,139,1136,8421,64143,2733,19028,192927,1257628,47184894,2715,18913,191820,1249721,47152464,18,115,1107,7907,32430
1579040476.057516,CustomDomainsAPIRouter-XMLMgr,0,0,0,0,4,0,0,0,0,0,0,0,0,0,4,0,0,0,0,4,0,0,0,0,4,0,0,0,0,0
1579040476.057516,default,1,1,15,89,2168,0,0,0,0,0,1,1,15,89,2168,1,1,15,89,2168,0,0,0,0,3,1,1,15,89,2165
1579040476.057516,default-attempt-stream,0,0,0,0,0,0,0,0,0,0,0,0,0,0,0,0,0,0,0,0,0,0,0,0,0,0,0,0,0,0
1579040476.057516,default-wsrr,0,0,0,0,0,0,0,0,0,0,0,0,0,0,0,0,0,0,0,0,0,0,0,0,0,0,0,0,0,0
1579040476.057516,deploySNIArtifacts-XMLMgr,0,0,0,0,0,0,0,0,0,0,0,0,0,0,0,0,0,0,0,0,0,0,0,0,0,0,0,0,0,0
1579040476.057516,mbaas_uri_to_host_xmlmgr,3417,18388,189398,1223804,47180304,3393,18279,188247,1215822,47116161,24,109,1151,7982,64143,3427,18403,189504,1224298,47184894,3409,18309,188460,1216931,47152464,18,94,1044,7367,32430
1579041076.388031,CustomDomainsAPIRouter-XMLMgr,0,0,0,0,4,0,0,0,0,0,0,0,0,0,4,0,0,0,0,4,0,0,0,0,4,0,0,0,0,0
1579041076.388031,default,2,3,14,91,2168,0,0,0,0,0,2,3,14,91,2168,2,3,14,91,2168,0,0,0,0,3,2,3,14,91,2165
1579041076.388031,default-attempt-stream,0,0,0,0,0,0,0,0,0,0,0,0,0,0,0,0,0,0,0,0,0,0,0,0,0,0,0,0,0,0
1579041076.388031,default-wsrr,0,0,0,0,0,0,0,0,0,0,0,0,0,0,0,0,0,0,0,0,0,0,0,0,0,0,0,0,0,0
1579041076.388031,deploySNIArtifacts-XMLMgr,0,0,0,0,0,0,0,0,0,0,0,0,0,0,0,0,0,0,0,0,0,0,0,0,0,0,0,0,0,0
1579041076.388031,mbaas_uri_to_host_xmlmgr,3867,18678,177436,1185915,47180304,3798,18586,176502,1178366,47116161,69,92,934,7549,64143,3867,18693,177668,1186481,47184894,3789,18603,176669,1179473,47152464,78,90,999,7008,32430
1579041676.720007,CustomDomainsAPIRouter-XMLMgr,0,0,0,0,4,0,0,0,0,0,0,0,0,0,4,0,0,0,0,4,0,0,0,0,4,0,0,0,0,0
1579041676.720007,default,1,2,17,90,2168,0,0,0,0,0,1,2,17,90,2168,1,2,17,90,2168,0,0,0,0,3,1,2,17,90,2165
1579041676.720007,default-attempt-stream,0,0,0,0,0,0,0,0,0,0,0,0,0,0,0,0,0,0,0,0,0,0,0,0,0,0,0,0,0,0
1579041676.720007,default-wsrr,0,0,0,0,0,0,0,0,0,0,0,0,0,0,0,0,0,0,0,0,0,0,0,0,0,0,0,0,0,0
1579041676.720007,deploySNIArtifacts-XMLMgr,0,0,0,0,0,0,0,0,0,0,0,0,0,0,0,0,0,0,0,0,0,0,0,0,0,0,0,0,0,0
1579041676.720007,mbaas_uri_to_host_xmlmgr,3444,16682,170528,1148569,47037892,3438,16658,170125,1142044,46969067,6,24,403,6525,68826,3463,16699,170595,1149270,47043160,3462,16682,170282,1143138,47005758,1,17,313,6132,37402
1579042277.025835,CustomDomainsAPIRouter-XMLMgr,0,0,0,0,4,0,0,0,0,0,0,0,0,0,4,0,0,0,0,4,0,0,0,0,4,0,0,0,0,0
1579042277.025835,default,1,2,15,91,2168,0,0,0,0,0,1,2,15,91,2168,1,2,15,91,2168,0,0,0,0,3,1,2,15,91,2165
1579042277.025835,default-attempt-stream,0,0,0,0,0,0,0,0,0,0,0,0,0,0,0,0,0,0,0,0,0,0,0,0,0,0,0,0,0,0
1579042277.025835,default-wsrr,0,0,0,0,0,0,0,0,0,0,0,0,0,0,0,0,0,0,0,0,0,0,0,0,0,0,0,0,0,0
1579042277.025835,deploySNIArtifacts-XMLMgr,0,0,0,0,0,0,0,0,0,0,0,0,0,0,0,0,0,0,0,0,0,0,0,0,0,0,0,0,0,0
1579042277.025835,mbaas_uri_to_host_xmlmgr,2996,15851,176075,1112671,47037892,2989,15824,175758,1106890,46969067,7,27,317,5781,68826,3000,15873,176164,1113362,47043160,2996,15856,175990,1107921,47005758,4,17,174,5441,37402
1579042877.354534,CustomDomainsAPIRouter-XMLMgr,0,0,0,0,4,0,0,0,0,0,0,0,0,0,4,0,0,0,0,4,0,0,0,0,4,0,0,0,0,0
1579042877.354534,default,1,1,14,90,2168,0,0,0,0,0,1,1,14,90,2168,1,1,14,90,2168,0,0,0,0,3,1,1,14,90,2165
1579042877.354534,default-attempt-stream,0,0,0,0,0,0,0,0,0,0,0,0,0,0,0,0,0,0,0,0,0,0,0,0,0,0,0,0,0,0
1579042877.354534,default-wsrr,0,0,0,0,0,0,0,0,0,0,0,0,0,0,0,0,0,0,0,0,0,0,0,0,0,0,0,0,0,0
1579042877.354534,deploySNIArtifacts-XMLMgr,0,0,0,0,0,0,0,0,0,0,0,0,0,0,0,0,0,0,0,0,0,0,0,0,0,0,0,0,0,0
1579042877.354534,mbaas_uri_to_host_xmlmgr,3346,16612,153162,1079483,47037892,3339,16586,152835,1074698,46969067,7,26,327,4785,68826,3351,16622,153247,1080149,47043160,3348,16603,153085,1075817,47005758,3,19,162,4332,37402
1579043477.665607,CustomDomainsAPIRouter-XMLMgr,0,0,0,0,4,0,0,0,0,0,0,0,0,0,4,0,0,0,0,4,0,0,0,0,4,0,0,0,0,0
1579043477.665607,default,0,1,15,90,2168,0,0,0,0,0,0,1,15,90,2168,0,1,15,90,2168,0,0,0,0,3,0,1,15,90,2165
1579043477.665607,default-attempt-stream,0,0,0,0,0,0,0,0,0,0,0,0,0,0,0,0,0,0,0,0,0,0,0,0,0,0,0,0,0,0
1579043477.665607,default-wsrr,0,0,0,0,0,0,0,0,0,0,0,0,0,0,0,0,0,0,0,0,0,0,0,0,0,0,0,0,0,0
1579043477.665607,deploySNIArtifacts-XMLMgr,0,0,0,0,0,0,0,0,0,0,0,0,0,0,0,0,0,0,0,0,0,0,0,0,0,0,0,0,0,0
1579043477.665607,mbaas_uri_to_host_xmlmgr,2510,15621,164073,1048338,47037892,2503,15585,163738,1044457,46969067,7,36,335,3881,68826,2511,15637,164162,1048988,47043160,2509,15619,163988,1045672,47005758,2,18,174,3316,37402
1579044077.984226,CustomDomainsAPIRouter-XMLMgr,0,0,0,0,4,0,0,0,0,0,0,0,0,0,4,0,0,0,0,4,0,0,0,0,4,0,0,0,0,0
1579044077.984226,default,0,1,15,91,2168,0,0,0,0,0,0,1,15,91,2168,0,1,15,91,2168,0,0,0,0,3,0,1,15,91,2165
1579044077.984226,default-attempt-stream,0,0,0,0,0,0,0,0,0,0,0,0,0,0,0,0,0,0,0,0,0,0,0,0,0,0,0,0,0,0
1579044077.984226,default-wsrr,0,0,0,0,0,0,0,0,0,0,0,0,0,0,0,0,0,0,0,0,0,0,0,0,0,0,0,0,0,0
1579044077.984226,deploySNIArtifacts-XMLMgr,0,0,0,0,0,0,0,0,0,0,0,0,0,0,0,0,0,0,0,0,0,0,0,0,0,0,0,0,0,0
1579044077.984226,mbaas_uri_to_host_xmlmgr,2786,16515,163650,1016623,47037892,2780,16497,163340,1013606,46969067,6,18,310,3017,68826,2786,16520,163736,1017322,47043160,2784,16506,163563,1014887,47005758,2,14,173,2435,37402
1579044680.128592,CustomDomainsAPIRouter-XMLMgr,0,0,0,0,4,0,0,0,0,0,0,0,0,0,4,0,0,0,0,4,0,0,0,0,4,0,0,0,0,0
1579044680.128592,default,1,3,15,91,2168,0,0,0,0,0,1,3,15,91,2168,1,3,15,91,2168,0,0,0,0,3,1,3,15,91,2165
1579044680.128592,default-attempt-stream,0,0,0,0,0,0,0,0,0,0,0,0,0,0,0,0,0,0,0,0,0,0,0,0,0,0,0,0,0,0
1579044680.128592,default-wsrr,0,0,0,0,0,0,0,0,0,0,0,0,0,0,0,0,0,0,0,0,0,0,0,0,0,0,0,0,0,0
1579044680.128592,deploySNIArtifacts-XMLMgr,0,0,0,0,0,0,0,0,0,0,0,0,0,0,0,0,0,0,0,0,0,0,0,0,0,0,0,0,0,0
1579044680.128592,mbaas_uri_to_host_xmlmgr,2266,13121,152247,999617,47037892,2258,12935,151797,997219,46969067,8,186,450,2398,68826,2272,13121,152335,1000258,47043160,2271,13106,152168,998706,47005758,1,15,167,1552,37402
1579045280.539987,CustomDomainsAPIRouter-XMLMgr,0,0,0,0,4,0,0,0,0,0,0,0,0,0,4,0,0,0,0,4,0,0,0,0,4,0,0,0,0,0
1579045280.539987,default,0,1,16,91,2169,0,0,0,0,0,0,1,16,91,2169,0,1,16,91,2169,0,0,0,0,3,0,1,16,91,2166
1579045280.539987,default-attempt-stream,0,0,0,0,0,0,0,0,0,0,0,0,0,0,0,0,0,0,0,0,0,0,0,0,0,0,0,0,0,0
1579045280.539987,default-wsrr,0,0,0,0,0,0,0,0,0,0,0,0,0,0,0,0,0,0,0,0,0,0,0,0,0,0,0,0,0,0
1579045280.539987,deploySNIArtifacts-XMLMgr,0,0,0,0,0,0,0,0,0,0,0,0,0,0,0,0,0,0,0,0,0,0,0,0,0,0,0,0,0,0
1579045280.539987,mbaas_uri_to_host_xmlmgr,2045,12321,136028,961012,46454040,2041,12291,135523,958830,46384449,4,30,505,2182,69591,2040,12322,136117,961534,46459801,2039,12304,135937,960515,46422419,1,18,180,1019,37382
1579045880.878893,CustomDomainsAPIRouter-XMLMgr,0,0,0,0,4,0,0,0,0,0,0,0,0,0,4,0,0,0,0,4,0,0,0,0,4,0,0,0,0,0
1579045880.878893,default,0,1,14,90,2169,0,0,0,0,0,0,1,14,90,2169,0,1,14,90,2169,0,0,0,0,3,0,1,14,90,2166
1579045880.878893,default-attempt-stream,0,0,0,0,0,0,0,0,0,0,0,0,0,0,0,0,0,0,0,0,0,0,0,0,0,0,0,0,0,0
1579045880.878893,default-wsrr,0,0,0,0,0,0,0,0,0,0,0,0,0,0,0,0,0,0,0,0,0,0,0,0,0,0,0,0,0,0
1579045880.878893,deploySNIArtifacts-XMLMgr,0,0,0,0,0,0,0,0,0,0,0,0,0,0,0,0,0,0,0,0,0,0,0,0,0,0,0,0,0,0
1579045880.878893,mbaas_uri_to_host_xmlmgr,2299,13411,137997,923997,46454040,2296,13391,137629,921739,46384449,3,20,368,2258,69591,2299,13418,138095,924526,46459801,2296,13401,137928,923497,46422419,3,17,167,1029,37382
1579046481.18786,CustomDomainsAPIRouter-XMLMgr,0,0,0,0,4,0,0,0,0,0,0,0,0,0,4,0,0,0,0,4,0,0,0,0,4,0,0,0,0,0
1579046481.18786,default,0,1,15,90,2169,0,0,0,0,0,0,1,15,90,2169,0,1,15,90,2169,0,0,0,0,3,0,1,15,90,2166
1579046481.18786,default-attempt-stream,0,0,0,0,0,0,0,0,0,0,0,0,0,0,0,0,0,0,0,0,0,0,0,0,0,0,0,0,0,0
1579046481.18786,default-wsrr,0,0,0,0,0,0,0,0,0,0,0,0,0,0,0,0,0,0,0,0,0,0,0,0,0,0,0,0,0,0
1579046481.18786,deploySNIArtifacts-XMLMgr,0,0,0,0,0,0,0,0,0,0,0,0,0,0,0,0,0,0,0,0,0,0,0,0,0,0,0,0,0,0
1579046481.18786,mbaas_uri_to_host_xmlmgr,2082,12546,134569,898110,46454040,2072,12517,134306,895841,46384449,10,29,263,2269,69591,2075,12545,134632,898628,46459801,2072,12527,134473,897606,46422419,3,18,159,1022,37382
1579047081.496611,CustomDomainsAPIRouter-XMLMgr,0,0,0,0,4,0,0,0,0,0,0,0,0,0,4,0,0,0,0,4,0,0,0,0,4,0,0,0,0,0
1579047081.496611,default,0,1,14,89,2169,0,0,0,0,0,0,1,14,89,2169,0,1,14,89,2169,0,0,0,0,3,0,1,14,89,2166
1579047081.496611,default-attempt-stream,0,0,0,0,0,0,0,0,0,0,0,0,0,0,0,0,0,0,0,0,0,0,0,0,0,0,0,0,0,0
1579047081.496611,default-wsrr,0,0,0,0,0,0,0,0,0,0,0,0,0,0,0,0,0,0,0,0,0,0,0,0,0,0,0,0,0,0
1579047081.496611,deploySNIArtifacts-XMLMgr,0,0,0,0,0,0,0,0,0,0,0,0,0,0,0,0,0,0,0,0,0,0,0,0,0,0,0,0,0,0
1579047081.496611,mbaas_uri_to_host_xmlmgr,2101,12292,123433,866828,46454040,2099,12270,123151,864641,46384449,2,22,282,2187,69591,2102,12305,123494,867344,46459801,2102,12288,123322,866335,46422419,0,17,172,1009,37382
1579047681.8236,CustomDomainsAPIRouter-XMLMgr,0,0,0,0,4,0,0,0,0,0,0,0,0,0,4,0,0,0,0,4,0,0,0,0,4,0,0,0,0,0
1579047681.8236,default,0,2,15,89,2169,0,0,0,0,0,0,2,15,89,2169,0,2,15,89,2169,0,0,0,0,3,0,2,15,89,2166
1579047681.8236,default-attempt-stream,0,0,0,0,0,0,0,0,0,0,0,0,0,0,0,0,0,0,0,0,0,0,0,0,0,0,0,0,0,0
1579047681.8236,default-wsrr,0,0,0,0,0,0,0,0,0,0,0,0,0,0,0,0,0,0,0,0,0,0,0,0,0,0,0,0,0,0
1579047681.8236,deploySNIArtifacts-XMLMgr,0,0,0,0,0,0,0,0,0,0,0,0,0,0,0,0,0,0,0,0,0,0,0,0,0,0,0,0,0,0
1579047681.8236,mbaas_uri_to_host_xmlmgr,1959,11458,119888,829865,46454040,1946,11423,119107,827692,46384449,13,35,781,2173,69591,1920,11411,119967,830333,46459801,1916,11391,119804,829320,46422419,4,20,163,1013,37382
1579048282.157265,CustomDomainsAPIRouter-XMLMgr,0,0,0,0,4,0,0,0,0,0,0,0,0,0,4,0,0,0,0,4,0,0,0,0,4,0,0,0,0,0
1579048282.157265,default,0,2,15,88,2169,0,0,0,0,0,0,2,15,88,2169,0,2,15,88,2169,0,0,0,0,3,0,2,15,88,2166
1579048282.157265,default-attempt-stream,0,0,0,0,0,0,0,0,0,0,0,0,0,0,0,0,0,0,0,0,0,0,0,0,0,0,0,0,0,0
1579048282.157265,default-wsrr,0,0,0,0,0,0,0,0,0,0,0,0,0,0,0,0,0,0,0,0,0,0,0,0,0,0,0,0,0,0
1579048282.157265,deploySNIArtifacts-XMLMgr,0,0,0,0,0,0,0,0,0,0,0,0,0,0,0,0,0,0,0,0,0,0,0,0,0,0,0,0,0,0
1579048282.157265,mbaas_uri_to_host_xmlmgr,1707,10970,109260,778148,46454040,1697,10946,108943,775671,46384449,10,24,317,2477,69591,1722,10981,109339,778629,46459801,1721,10968,109169,777618,46422419,1,13,170,1011,37382
1579048882.481392,CustomDomainsAPIRouter-XMLMgr,0,0,0,0,4,0,0,0,0,0,0,0,0,0,4,0,0,0,0,4,0,0,0,0,4,0,0,0,0,0
1579048882.481392,default,0,1,15,88,2166,0,0,0,0,0,0,1,15,88,2166,0,1,15,88,2166,0,0,0,0,3,0,1,15,88,2163
1579048882.481392,default-attempt-stream,0,0,0,0,0,0,0,0,0,0,0,0,0,0,0,0,0,0,0,0,0,0,0,0,0,0,0,0,0,0
1579048882.481392,default-wsrr,0,0,0,0,0,0,0,0,0,0,0,0,0,0,0,0,0,0,0,0,0,0,0,0,0,0,0,0,0,0
1579048882.481392,deploySNIArtifacts-XMLMgr,0,0,0,0,0,0,0,0,0,0,0,0,0,0,0,0,0,0,0,0,0,0,0,0,0,0,0,0,0,0
1579048882.481392,mbaas_uri_to_host_xmlmgr,2054,10451,105429,744980,46180734,2051,10432,105121,742639,46110124,3,19,308,2341,70610,2061,10466,105524,745430,46186903,2059,10450,105340,744422,46149567,2,16,184,1008,37336
1579049482.840794,CustomDomainsAPIRouter-XMLMgr,0,0,0,0,4,0,0,0,0,0,0,0,0,0,4,0,0,0,0,4,0,0,0,0,4,0,0,0,0,0
1579049482.840794,default,0,1,15,89,2166,0,0,0,0,0,0,1,15,89,2166,0,1,15,89,2166,0,0,0,0,3,0,1,15,89,2163
1579049482.840794,default-attempt-stream,0,0,0,0,0,0,0,0,0,0,0,0,0,0,0,0,0,0,0,0,0,0,0,0,0,0,0,0,0,0
1579049482.840794,default-wsrr,0,0,0,0,0,0,0,0,0,0,0,0,0,0,0,0,0,0,0,0,0,0,0,0,0,0,0,0,0,0
1579049482.840794,deploySNIArtifacts-XMLMgr,0,0,0,0,0,0,0,0,0,0,0,0,0,0,0,0,0,0,0,0,0,0,0,0,0,0,0,0,0,0
1579049482.840794,mbaas_uri_to_host_xmlmgr,1757,9971,109534,719341,46180734,1755,9949,109227,717033,46110124,2,22,307,2308,70610,1750,9978,109605,719804,46186903,1748,9959,109434,718786,46149567,2,19,171,1018,37336
1579050083.169948,CustomDomainsAPIRouter-XMLMgr,0,0,0,0,4,0,0,0,0,0,0,0,0,0,4,0,0,0,0,4,0,0,0,0,4,0,0,0,0,0
1579050083.169948,default,0,1,15,88,2166,0,0,0,0,0,0,1,15,88,2166,0,1,15,88,2166,0,0,0,0,3,0,1,15,88,2163
1579050083.169948,default-attempt-stream,0,0,0,0,0,0,0,0,0,0,0,0,0,0,0,0,0,0,0,0,0,0,0,0,0,0,0,0,0,0
1579050083.169948,default-wsrr,0,0,0,0,0,0,0,0,0,0,0,0,0,0,0,0,0,0,0,0,0,0,0,0,0,0,0,0,0,0
1579050083.169948,deploySNIArtifacts-XMLMgr,0,0,0,0,0,0,0,0,0,0,0,0,0,0,0,0,0,0,0,0,0,0,0,0,0,0,0,0,0,0
1579050083.169948,mbaas_uri_to_host_xmlmgr,1810,9946,98413,682885,46180734,1799,9918,98139,680613,46110124,11,28,274,2272,70610,1808,9953,98485,683335,46186903,1804,9935,98316,682307,46149567,4,18,169,1028,37336
1579050683.574001,CustomDomainsAPIRouter-XMLMgr,0,0,0,0,4,0,0,0,0,0,0,0,0,0,4,0,0,0,0,4,0,0,0,0,4,0,0,0,0,0
1579050683.574001,default,0,1,15,89,2166,0,0,0,0,0,0,1,15,89,2166,0,1,15,89,2166,0,0,0,0,3,0,1,15,89,2163
1579050683.574001,default-attempt-stream,0,0,0,0,0,0,0,0,0,0,0,0,0,0,0,0,0,0,0,0,0,0,0,0,0,0,0,0,0,0
1579050683.574001,default-wsrr,0,0,0,0,0,0,0,0,0,0,0,0,0,0,0,0,0,0,0,0,0,0,0,0,0,0,0,0,0,0
1579050683.574001,deploySNIArtifacts-XMLMgr,0,0,0,0,0,0,0,0,0,0,0,0,0,0,0,0,0,0,0,0,0,0,0,0,0,0,0,0,0,0
1579050683.574001,mbaas_uri_to_host_xmlmgr,2650,15514,120651,658195,46180734,2647,15491,120363,655915,46110124,3,23,288,2280,70610,2643,15516,120729,658647,46186903,2640,15498,120558,657607,46149567,3,18,171,1040,37336
1579051283.888319,CustomDomainsAPIRouter-XMLMgr,0,0,0,0,4,0,0,0,0,0,0,0,0,0,4,0,0,0,0,4,0,0,0,0,4,0,0,0,0,0
1579051283.888319,default,1,2,15,89,2166,0,0,0,0,0,1,2,15,89,2166,1,2,15,89,2166,0,0,0,0,3,1,2,15,89,2163
1579051283.888319,default-attempt-stream,0,0,0,0,0,0,0,0,0,0,0,0,0,0,0,0,0,0,0,0,0,0,0,0,0,0,0,0,0,0
1579051283.888319,default-wsrr,0,0,0,0,0,0,0,0,0,0,0,0,0,0,0,0,0,0,0,0,0,0,0,0,0,0,0,0,0,0
1579051283.888319,deploySNIArtifacts-XMLMgr,0,0,0,0,0,0,0,0,0,0,0,0,0,0,0,0,0,0,0,0,0,0,0,0,0,0,0,0,0,0
1579051283.888319,mbaas_uri_to_host_xmlmgr,2371,14077,151692,677038,46180734,2366,14051,151386,674765,46110124,5,26,306,2273,70610,2374,14072,151778,677511,46186903,2371,14053,151601,676474,46149567,3,19,177,1037,37336
1579051884.196034,CustomDomainsAPIRouter-XMLMgr,0,0,0,0,4,0,0,0,0,0,0,0,0,0,4,0,0,0,0,4,0,0,0,0,4,0,0,0,0,0
1579051884.196034,default,1,2,15,90,2166,0,0,0,0,0,1,2,15,90,2166,1,2,15,90,2166,0,0,0,0,3,1,2,15,90,2163
1579051884.196034,default-attempt-stream,0,0,0,0,0,0,0,0,0,0,0,0,0,0,0,0,0,0,0,0,0,0,0,0,0,0,0,0,0,0
1579051884.196034,default-wsrr,0,0,0,0,0,0,0,0,0,0,0,0,0,0,0,0,0,0,0,0,0,0,0,0,0,0,0,0,0,0
1579051884.196034,deploySNIArtifacts-XMLMgr,0,0,0,0,0,0,0,0,0,0,0,0,0,0,0,0,0,0,0,0,0,0,0,0,0,0,0,0,0,0
1579051884.196034,mbaas_uri_to_host_xmlmgr,2617,13975,140359,709370,46180734,2614,13953,140102,707591,46110124,3,22,257,1779,70610,2605,13978,140433,709837,46186903,2603,13962,140269,708804,46149567,2,16,164,1033,37336
1579052484.502674,CustomDomainsAPIRouter-XMLMgr,0,0,0,0,4,0,0,0,0,0,0,0,0,0,4,0,0,0,0,4,0,0,0,0,4,0,0,0,0,0
1579052484.502674,default,0,2,16,91,2167,0,0,0,0,0,0,2,16,91,2167,0,2,16,91,2167,0,0,0,0,3,0,2,16,91,2164
1579052484.502674,default-attempt-stream,0,0,0,0,0,0,0,0,0,0,0,0,0,0,0,0,0,0,0,0,0,0,0,0,0,0,0,0,0,0
1579052484.502674,default-wsrr,0,0,0,0,0,0,0,0,0,0,0,0,0,0,0,0,0,0,0,0,0,0,0,0,0,0,0,0,0,0
1579052484.502674,deploySNIArtifacts-XMLMgr,0,0,0,0,0,0,0,0,0,0,0,0,0,0,0,0,0,0,0,0,0,0,0,0,0,0,0,0,0,0
1579052484.502674,mbaas_uri_to_host_xmlmgr,2386,13619,140868,743693,46219943,2381,13596,140586,741958,46148891,5,23,282,1735,71052,2386,13627,140948,744176,46226572,2384,13607,140783,743150,46189213,2,20,165,1026,37359
1579053084.81867,CustomDomainsAPIRouter-XMLMgr,0,0,0,0,4,0,0,0,0,0,0,0,0,0,4,0,0,0,0,4,0,0,0,0,4,0,0,0,0,0
1579053084.81867,default,0,2,15,90,2167,0,0,0,0,0,0,2,15,90,2167,0,2,15,90,2167,0,0,0,0,3,0,2,15,90,2164
1579053084.81867,default-attempt-stream,0,0,0,0,0,0,0,0,0,0,0,0,0,0,0,0,0,0,0,0,0,0,0,0,0,0,0,0,0,0
1579053084.81867,default-wsrr,0,0,0,0,0,0,0,0,0,0,0,0,0,0,0,0,0,0,0,0,0,0,0,0,0,0,0,0,0,0
1579053084.81867,deploySNIArtifacts-XMLMgr,0,0,0,0,0,0,0,0,0,0,0,0,0,0,0,0,0,0,0,0,0,0,0,0,0,0,0,0,0,0
1579053084.81867,mbaas_uri_to_host_xmlmgr,2385,13697,145954,779023,46219943,2378,13668,145643,777301,46148891,7,29,311,1722,71052,2389,13699,146041,779487,46226572,2387,13682,145869,778463,46189213,2,17,172,1024,37359
1579053685.192757,CustomDomainsAPIRouter-XMLMgr,0,0,0,0,4,0,0,0,0,0,0,0,0,0,4,0,0,0,0,4,0,0,0,0,4,0,0,0,0,0
1579053685.192757,default,0,1,14,91,2167,0,0,0,0,0,0,1,14,91,2167,0,1,14,91,2167,0,0,0,0,3,0,1,14,91,2164
1579053685.192757,default-attempt-stream,0,0,0,0,0,0,0,0,0,0,0,0,0,0,0,0,0,0,0,0,0,0,0,0,0,0,0,0,0,0
1579053685.192757,default-wsrr,0,0,0,0,0,0,0,0,0,0,0,0,0,0,0,0,0,0,0,0,0,0,0,0,0,0,0,0,0,0
1579053685.192757,deploySNIArtifacts-XMLMgr,0,0,0,0,0,0,0,0,0,0,0,0,0,0,0,0,0,0,0,0,0,0,0,0,0,0,0,0,0,0
1579053685.192757,mbaas_uri_to_host_xmlmgr,2067,13288,135220,817576,46219943,2056,13258,134932,815856,46148891,11,30,288,1720,71052,2069,13307,135312,818078,46226572,2064,13291,135138,817059,46189213,5,16,174,1019,37359
1579054285.494232,CustomDomainsAPIRouter-XMLMgr,0,0,0,0,4,0,0,0,0,0,0,0,0,0,4,0,0,0,0,4,0,0,0,0,4,0,0,0,0,0
1579054285.494232,default,0,1,15,90,2167,0,0,0,0,0,0,1,15,90,2167,0,1,15,90,2167,0,0,0,0,3,0,1,15,90,2164
1579054285.494232,default-attempt-stream,0,0,0,0,0,0,0,0,0,0,0,0,0,0,0,0,0,0,0,0,0,0,0,0,0,0,0,0,0,0
1579054285.494232,default-wsrr,0,0,0,0,0,0,0,0,0,0,0,0,0,0,0,0,0,0,0,0,0,0,0,0,0,0,0,0,0,0
1579054285.494232,deploySNIArtifacts-XMLMgr,0,0,0,0,0,0,0,0,0,0,0,0,0,0,0,0,0,0,0,0,0,0,0,0,0,0,0,0,0,0
1579054285.494232,mbaas_uri_to_host_xmlmgr,1333,8519,91344,827455,46219943,1330,8501,91097,825760,46148891,3,18,247,1695,71052,1339,8529,91431,827957,46226572,1336,8515,91278,826955,46189213,3,14,153,1002,37359
1579054885.809676,CustomDomainsAPIRouter-XMLMgr,0,0,0,0,4,0,0,0,0,0,0,0,0,0,4,0,0,0,0,4,0,0,0,0,4,0,0,0,0,0
1579054885.809676,default,0,2,14,90,2167,0,0,0,0,0,0,2,14,90,2167,0,2,14,90,2167,0,0,0,0,3,0,2,14,90,2164
1579054885.809676,default-attempt-stream,0,0,0,0,0,0,0,0,0,0,0,0,0,0,0,0,0,0,0,0,0,0,0,0,0,0,0,0,0,0
1579054885.809676,default-wsrr,0,0,0,0,0,0,0,0,0,0,0,0,0,0,0,0,0,0,0,0,0,0,0,0,0,0,0,0,0,0
1579054885.809676,deploySNIArtifacts-XMLMgr,0,0,0,0,0,0,0,0,0,0,0,0,0,0,0,0,0,0,0,0,0,0,0,0,0,0,0,0,0,0
1579054885.809676,mbaas_uri_to_host_xmlmgr,1448,8964,92642,774154,46219943,1444,8934,92139,772291,46148891,4,30,503,1863,71052,1445,8976,92718,774660,46226572,1441,8957,92550,773668,46189213,4,19,168,992,37359
1579055486.133822,CustomDomainsAPIRouter-XMLMgr,0,0,0,0,4,0,0,0,0,0,0,0,0,0,4,0,0,0,0,4,0,0,0,0,4,0,0,0,0,0
1579055486.133822,default,0,1,16,90,2167,0,0,0,0,0,0,1,16,90,2167,0,1,16,90,2167,0,0,0,0,3,0,1,16,90,2164
1579055486.133822,default-attempt-stream,0,0,0,0,0,0,0,0,0,0,0,0,0,0,0,0,0,0,0,0,0,0,0,0,0,0,0,0,0,0
1579055486.133822,default-wsrr,0,0,0,0,0,0,0,0,0,0,0,0,0,0,0,0,0,0,0,0,0,0,0,0,0,0,0,0,0,0
1579055486.133822,deploySNIArtifacts-XMLMgr,0,0,0,0,0,0,0,0,0,0,0,0,0,0,0,0,0,0,0,0,0,0,0,0,0,0,0,0,0,0
1579055486.133822,mbaas_uri_to_host_xmlmgr,1379,8656,84792,719474,46219943,1374,8638,84509,717562,46148891,5,18,283,1912,71052,1375,8657,84871,719983,46226572,1372,8643,84703,718987,46189213,3,14,168,996,37359
1579056086.477665,CustomDomainsAPIRouter-XMLMgr,0,0,0,0,4,0,0,0,0,0,0,0,0,0,4,0,0,0,0,4,0,0,0,0,4,0,0,0,0,0
1579056086.477665,default,0,2,14,85,2161,0,0,0,0,0,0,2,14,85,2161,0,2,14,85,2161,0,0,0,0,3,0,2,14,85,2158
1579056086.477665,default-attempt-stream,0,0,0,0,0,0,0,0,0,0,0,0,0,0,0,0,0,0,0,0,0,0,0,0,0,0,0,0,0,0
1579056086.477665,default-wsrr,0,0,0,0,0,0,0,0,0,0,0,0,0,0,0,0,0,0,0,0,0,0,0,0,0,0,0,0,0,0
1579056086.477665,deploySNIArtifacts-XMLMgr,0,0,0,0,0,0,0,0,0,0,0,0,0,0,0,0,0,0,0,0,0,0,0,0,0,0,0,0,0,0
1579056086.477665,mbaas_uri_to_host_xmlmgr,1697,10240,92776,664214,46266456,1694,10214,91821,661616,46194132,3,26,955,2598,72324,1697,10251,92841,664129,46272981,1693,10232,92669,663114,46235622,4,19,172,1015,37359
1579056686.814881,CustomDomainsAPIRouter-XMLMgr,0,0,0,0,4,0,0,0,0,0,0,0,0,0,4,0,0,0,0,4,0,0,0,0,4,0,0,0,0,0
1579056686.814881,default,0,1,16,89,2161,0,0,0,0,0,0,1,16,89,2161,0,1,16,89,2161,0,0,0,0,3,0,1,16,89,2158
1579056686.814881,default-attempt-stream,0,0,0,0,0,0,0,0,0,0,0,0,0,0,0,0,0,0,0,0,0,0,0,0,0,0,0,0,0,0
1579056686.814881,default-wsrr,0,0,0,0,0,0,0,0,0,0,0,0,0,0,0,0,0,0,0,0,0,0,0,0,0,0,0,0,0,0
1579056686.814881,deploySNIArtifacts-XMLMgr,0,0,0,0,0,0,0,0,0,0,0,0,0,0,0,0,0,0,0,0,0,0,0,0,0,0,0,0,0,0
1579056686.814881,mbaas_uri_to_host_xmlmgr,1548,10137,107947,623434,46266456,1539,10026,107497,620848,46194132,9,111,450,2586,72324,1551,10152,108033,623919,46272981,1548,10135,107843,622903,46235622,3,17,190,1016,37359
1579057287.16615,CustomDomainsAPIRouter-XMLMgr,0,0,0,0,4,0,0,0,0,0,0,0,0,0,4,0,0,0,0,4,0,0,0,0,4,0,0,0,0,0
1579057287.16615,default,0,1,14,89,2161,0,0,0,0,0,0,1,14,89,2161,0,1,14,89,2161,0,0,0,0,3,0,1,14,89,2158
1579057287.16615,default-attempt-stream,0,0,0,0,0,0,0,0,0,0,0,0,0,0,0,0,0,0,0,0,0,0,0,0,0,0,0,0,0,0
1579057287.16615,default-wsrr,0,0,0,0,0,0,0,0,0,0,0,0,0,0,0,0,0,0,0,0,0,0,0,0,0,0,0,0,0,0
1579057287.16615,deploySNIArtifacts-XMLMgr,0,0,0,0,0,0,0,0,0,0,0,0,0,0,0,0,0,0,0,0,0,0,0,0,0,0,0,0,0,0
1579057287.16615,mbaas_uri_to_host_xmlmgr,1466,9852,99372,584724,46266456,1454,9824,99074,582014,46194132,12,28,298,2710,72324,1456,9854,99455,585181,46272981,1453,9838,99278,584162,46235622,3,16,177,1019,37359
1579057887.498808,CustomDomainsAPIRouter-XMLMgr,0,0,0,0,4,0,0,0,0,0,0,0,0,0,4,0,0,0,0,4,0,0,0,0,4,0,0,0,0,0
1579057887.498808,default,0,1,15,90,2161,0,0,0,0,0,0,1,15,90,2161,0,1,15,90,2161,0,0,0,0,3,0,1,15,90,2158
1579057887.498808,default-attempt-stream,0,0,0,0,0,0,0,0,0,0,0,0,0,0,0,0,0,0,0,0,0,0,0,0,0,0,0,0,0,0
1579057887.498808,default-wsrr,0,0,0,0,0,0,0,0,0,0,0,0,0,0,0,0,0,0,0,0,0,0,0,0,0,0,0,0,0,0
1579057887.498808,deploySNIArtifacts-XMLMgr,0,0,0,0,0,0,0,0,0,0,0,0,0,0,0,0,0,0,0,0,0,0,0,0,0,0,0,0,0,0
1579057887.498808,mbaas_uri_to_host_xmlmgr,1769,10231,98516,570311,46266456,1749,10196,98223,567553,46194132,20,35,293,2758,72324,1770,10248,98604,570790,46272981,1764,10228,98428,569743,46235622,6,20,176,1047,37359
1579058487.827466,CustomDomainsAPIRouter-XMLMgr,0,0,0,0,4,0,0,0,0,0,0,0,0,0,4,0,0,0,0,4,0,0,0,0,4,0,0,0,0,0
1579058487.827466,default,0,2,15,89,2161,0,0,0,0,0,0,2,15,89,2161,0,2,15,89,2161,0,0,0,0,3,0,2,15,89,2158
1579058487.827466,default-attempt-stream,0,0,0,0,0,0,0,0,0,0,0,0,0,0,0,0,0,0,0,0,0,0,0,0,0,0,0,0,0,0
1579058487.827466,default-wsrr,0,0,0,0,0,0,0,0,0,0,0,0,0,0,0,0,0,0,0,0,0,0,0,0,0,0,0,0,0,0
1579058487.827466,deploySNIArtifacts-XMLMgr,0,0,0,0,0,0,0,0,0,0,0,0,0,0,0,0,0,0,0,0,0,0,0,0,0,0,0,0,0,0
1579058487.827466,mbaas_uri_to_host_xmlmgr,1816,9228,100704,583902,46266456,1808,9198,100407,581301,46194132,8,30,297,2601,72324,1817,9238,100770,584380,46272981,1815,9217,100600,583326,46235622,2,21,170,1054,37359
1579059088.177942,CustomDomainsAPIRouter-XMLMgr,0,0,0,0,4,0,0,0,0,0,0,0,0,0,4,0,0,0,0,4,0,0,0,0,4,0,0,0,0,0
1579059088.177942,default,0,2,16,90,2161,0,0,0,0,0,0,2,16,90,2161,0,2,16,90,2161,0,0,0,0,3,0,2,16,90,2158
1579059088.177942,default-attempt-stream,0,0,0,0,0,0,0,0,0,0,0,0,0,0,0,0,0,0,0,0,0,0,0,0,0,0,0,0,0,0
1579059088.177942,default-wsrr,0,0,0,0,0,0,0,0,0,0,0,0,0,0,0,0,0,0,0,0,0,0,0,0,0,0,0,0,0,0
1579059088.177942,deploySNIArtifacts-XMLMgr,0,0,0,0,0,0,0,0,0,0,0,0,0,0,0,0,0,0,0,0,0,0,0,0,0,0,0,0,0,0
1579059088.177942,mbaas_uri_to_host_xmlmgr,1405,8381,87408,585795,46266456,1399,8355,87131,583229,46194132,6,26,277,2566,72324,1401,8386,87477,586249,46272981,1399,8369,87305,585187,46235622,2,17,172,1062,37359
1579059688.547059,CustomDomainsAPIRouter-XMLMgr,0,0,0,0,4,0,0,0,0,0,0,0,0,0,4,0,0,0,0,4,0,0,0,0,4,0,0,0,0,0
1579059688.547059,default,1,2,15,94,2165,0,0,0,0,0,1,2,15,94,2165,1,2,15,94,2165,0,0,0,0,3,1,2,15,94,2162
1579059688.547059,default-attempt-stream,0,0,0,0,0,0,0,0,0,0,0,0,0,0,0,0,0,0,0,0,0,0,0,0,0,0,0,0,0,0
1579059688.547059,default-wsrr,0,0,0,0,0,0,0,0,0,0,0,0,0,0,0,0,0,0,0,0,0,0,0,0,0,0,0,0,0,0
1579059688.547059,deploySNIArtifacts-XMLMgr,0,0,0,0,0,0,0,0,0,0,0,0,0,0,0,0,0,0,0,0,0,0,0,0,0,0,0,0,0,0
1579059688.547059,mbaas_uri_to_host_xmlmgr,1309,8161,85511,586050,46318337,1299,8131,85188,584138,46245364,10,30,323,1912,72973,1311,8169,85588,587090,46325871,1307,8151,85408,586034,46288469,4,18,180,1056,37402
1579060288.866936,CustomDomainsAPIRouter-XMLMgr,0,0,0,0,4,0,0,0,0,0,0,0,0,0,4,0,0,0,0,4,0,0,0,0,4,0,0,0,0,0
1579060288.866936,default,0,1,16,91,2165,0,0,0,0,0,0,1,16,91,2165,0,1,16,91,2165,0,0,0,0,3,0,1,16,91,2162
1579060288.866936,default-attempt-stream,0,0,0,0,0,0,0,0,0,0,0,0,0,0,0,0,0,0,0,0,0,0,0,0,0,0,0,0,0,0
1579060288.866936,default-wsrr,0,0,0,0,0,0,0,0,0,0,0,0,0,0,0,0,0,0,0,0,0,0,0,0,0,0,0,0,0,0
1579060288.866936,deploySNIArtifacts-XMLMgr,0,0,0,0,0,0,0,0,0,0,0,0,0,0,0,0,0,0,0,0,0,0,0,0,0,0,0,0,0,0
1579060288.866936,mbaas_uri_to_host_xmlmgr,1469,8361,91228,571307,46318337,1465,8337,90892,569364,46245364,4,24,336,1943,72973,1468,8370,91317,571782,46325871,1468,8357,91139,570734,46288469,0,13,178,1048,37402
1579060889.191678,CustomDomainsAPIRouter-XMLMgr,0,0,0,0,4,0,0,0,0,0,0,0,0,0,4,0,0,0,0,4,0,0,0,0,4,0,0,0,0,0
1579060889.191678,default,0,1,14,91,2165,0,0,0,0,0,0,1,14,91,2165,0,1,14,91,2165,0,0,0,0,3,0,1,14,91,2162
1579060889.191678,default-attempt-stream,0,0,0,0,0,0,0,0,0,0,0,0,0,0,0,0,0,0,0,0,0,0,0,0,0,0,0,0,0,0
1579060889.191678,default-wsrr,0,0,0,0,0,0,0,0,0,0,0,0,0,0,0,0,0,0,0,0,0,0,0,0,0,0,0,0,0,0
1579060889.191678,deploySNIArtifacts-XMLMgr,0,0,0,0,0,0,0,0,0,0,0,0,0,0,0,0,0,0,0,0,0,0,0,0,0,0,0,0,0,0
1579060889.191678,mbaas_uri_to_host_xmlmgr,1568,9635,86567,557026,46318337,1557,9603,86292,555193,46245364,11,32,275,1833,72973,1557,9642,86652,557520,46325871,1552,9625,86486,556474,46288469,5,17,166,1046,37402
1579061489.5292,CustomDomainsAPIRouter-XMLMgr,0,0,0,0,4,0,0,0,0,0,0,0,0,0,4,0,0,0,0,4,0,0,0,0,4,0,0,0,0,0
1579061489.5292,default,0,2,16,91,2165,0,0,0,0,0,0,2,16,91,2165,0,2,16,91,2165,0,0,0,0,3,0,2,16,91,2162
1579061489.5292,default-attempt-stream,0,0,0,0,0,0,0,0,0,0,0,0,0,0,0,0,0,0,0,0,0,0,0,0,0,0,0,0,0,0
1579061489.5292,default-wsrr,0,0,0,0,0,0,0,0,0,0,0,0,0,0,0,0,0,0,0,0,0,0,0,0,0,0,0,0,0,0
1579061489.5292,deploySNIArtifacts-XMLMgr,0,0,0,0,0,0,0,0,0,0,0,0,0,0,0,0,0,0,0,0,0,0,0,0,0,0,0,0,0,0
1579061489.5292,mbaas_uri_to_host_xmlmgr,1417,9857,95119,548561,46318337,1412,9836,94870,546752,46245364,5,21,249,1809,72973,1423,9862,95186,549024,46325871,1418,9844,95019,547980,46288469,5,18,167,1044,37402
1579062089.833005,CustomDomainsAPIRouter-XMLMgr,0,0,0,0,4,0,0,0,0,0,0,0,0,0,4,0,0,0,0,4,0,0,0,0,4,0,0,0,0,0
1579062089.833005,default,0,1,15,91,2165,0,0,0,0,0,0,1,15,91,2165,0,1,15,91,2165,0,0,0,0,3,0,1,15,91,2162
1579062089.833005,default-attempt-stream,0,0,0,0,0,0,0,0,0,0,0,0,0,0,0,0,0,0,0,0,0,0,0,0,0,0,0,0,0,0
1579062089.833005,default-wsrr,0,0,0,0,0,0,0,0,0,0,0,0,0,0,0,0,0,0,0,0,0,0,0,0,0,0,0,0,0,0
1579062089.833005,deploySNIArtifacts-XMLMgr,0,0,0,0,0,0,0,0,0,0,0,0,0,0,0,0,0,0,0,0,0,0,0,0,0,0,0,0,0,0
1579062089.833005,mbaas_uri_to_host_xmlmgr,1470,10646,105835,544452,46318337,1466,10614,105505,542682,46245364,4,32,330,1770,72973,1470,10658,105917,544908,46325871,1465,10641,105738,543872,46288469,5,17,179,1036,37402
1579062690.17057,CustomDomainsAPIRouter-XMLMgr,0,0,0,0,4,0,0,0,0,0,0,0,0,0,4,0,0,0,0,4,0,0,0,0,4,0,0,0,0,0
1579062690.17057,default,0,1,15,92,2165,0,0,0,0,0,0,1,15,92,2165,0,1,15,92,2165,0,0,0,0,3,0,1,15,92,2162
1579062690.17057,default-attempt-stream,0,0,0,0,0,0,0,0,0,0,0,0,0,0,0,0,0,0,0,0,0,0,0,0,0,0,0,0,0,0
1579062690.17057,default-wsrr,0,0,0,0,0,0,0,0,0,0,0,0,0,0,0,0,0,0,0,0,0,0,0,0,0,0,0,0,0,0
1579062690.17057,deploySNIArtifacts-XMLMgr,0,0,0,0,0,0,0,0,0,0,0,0,0,0,0,0,0,0,0,0,0,0,0,0,0,0,0,0,0,0
1579062690.17057,mbaas_uri_to_host_xmlmgr,1342,10228,98602,557223,46318337,1339,10201,98318,555417,46245364,3,27,284,1806,72973,1341,10238,98697,557719,46325871,1338,10219,98518,556672,46288469,3,19,179,1047,37402
1579063290.489555,CustomDomainsAPIRouter-XMLMgr,0,0,0,0,4,0,0,0,0,0,0,0,0,0,4,0,0,0,0,4,0,0,0,0,4,0,0,0,0,0
1579063290.489555,default,0,2,16,92,2166,0,0,0,0,0,0,2,16,92,2166,0,2,16,92,2166,0,0,0,0,3,0,2,16,92,2163
1579063290.489555,default-attempt-stream,0,0,0,0,0,0,0,0,0,0,0,0,0,0,0,0,0,0,0,0,0,0,0,0,0,0,0,0,0,0
1579063290.489555,default-wsrr,0,0,0,0,0,0,0,0,0,0,0,0,0,0,0,0,0,0,0,0,0,0,0,0,0,0,0,0,0,0
1579063290.489555,deploySNIArtifacts-XMLMgr,0,0,0,0,0,0,0,0,0,0,0,0,0,0,0,0,0,0,0,0,0,0,0,0,0,0,0,0,0,0
1579063290.489555,mbaas_uri_to_host_xmlmgr,1432,10357,99882,569164,46353398,1429,10330,99593,567376,46279919,3,27,289,1788,73479,1436,10373,99970,569671,46361409,1433,10354,99803,568632,46324040,3,19,167,1039,37369
1579063890.791214,CustomDomainsAPIRouter-XMLMgr,0,0,0,0,4,0,0,0,0,0,0,0,0,0,4,0,0,0,0,4,0,0,0,0,4,0,0,0,0,0
1579063890.791214,default,0,1,14,91,2166,0,0,0,0,0,0,1,14,91,2166,0,1,14,91,2166,0,0,0,0,3,0,1,14,91,2163
1579063890.791214,default-attempt-stream,0,0,0,0,0,0,0,0,0,0,0,0,0,0,0,0,0,0,0,0,0,0,0,0,0,0,0,0,0,0
1579063890.791214,default-wsrr,0,0,0,0,0,0,0,0,0,0,0,0,0,0,0,0,0,0,0,0,0,0,0,0,0,0,0,0,0,0
1579063890.791214,deploySNIArtifacts-XMLMgr,0,0,0,0,0,0,0,0,0,0,0,0,0,0,0,0,0,0,0,0,0,0,0,0,0,0,0,0,0,0
1579063890.791214,mbaas_uri_to_host_xmlmgr,1465,10523,109409,585558,46353398,1460,10498,109106,583798,46279919,5,25,303,1760,73479,1476,10533,109484,586058,46361409,1471,10519,109314,585016,46324040,5,14,170,1042,37369
1579064491.106356,CustomDomainsAPIRouter-XMLMgr,0,0,0,0,4,0,0,0,0,0,0,0,0,0,4,0,0,0,0,4,0,0,0,0,4,0,0,0,0,0
1579064491.106356,default,0,1,15,91,2166,0,0,0,0,0,0,1,15,91,2166,0,1,15,91,2166,0,0,0,0,3,0,1,15,91,2163
1579064491.106356,default-attempt-stream,0,0,0,0,0,0,0,0,0,0,0,0,0,0,0,0,0,0,0,0,0,0,0,0,0,0,0,0,0,0
1579064491.106356,default-wsrr,0,0,0,0,0,0,0,0,0,0,0,0,0,0,0,0,0,0,0,0,0,0,0,0,0,0,0,0,0,0
1579064491.106356,deploySNIArtifacts-XMLMgr,0,0,0,0,0,0,0,0,0,0,0,0,0,0,0,0,0,0,0,0,0,0,0,0,0,0,0,0,0,0
1579064491.106356,mbaas_uri_to_host_xmlmgr,1903,12128,108150,604427,46353398,1901,12097,107875,602698,46279919,2,31,275,1729,73479,1902,12139,108229,604902,46361409,1900,12125,108068,603861,46324040,2,14,161,1041,37369
1579065091.439419,CustomDomainsAPIRouter-XMLMgr,0,0,0,0,4,0,0,0,0,0,0,0,0,0,4,0,0,0,0,4,0,0,0,0,4,0,0,0,0,0
1579065091.439419,default,0,2,16,90,2166,0,0,0,0,0,0,2,16,90,2166,0,2,16,90,2166,0,0,0,0,3,0,2,16,90,2163
1579065091.439419,default-attempt-stream,0,0,0,0,0,0,0,0,0,0,0,0,0,0,0,0,0,0,0,0,0,0,0,0,0,0,0,0,0,0
1579065091.439419,default-wsrr,0,0,0,0,0,0,0,0,0,0,0,0,0,0,0,0,0,0,0,0,0,0,0,0,0,0,0,0,0,0
1579065091.439419,deploySNIArtifacts-XMLMgr,0,0,0,0,0,0,0,0,0,0,0,0,0,0,0,0,0,0,0,0,0,0,0,0,0,0,0,0,0,0
1579065091.439419,mbaas_uri_to_host_xmlmgr,2158,13396,119551,624640,46353398,2153,13365,119243,622877,46279919,5,31,308,1763,73479,2158,13406,119628,625140,46361409,2155,13391,119465,624131,46324040,3,15,163,1009,37369
1579065691.769183,CustomDomainsAPIRouter-XMLMgr,0,0,0,0,4,0,0,0,0,0,0,0,0,0,4,0,0,0,0,4,0,0,0,0,4,0,0,0,0,0
1579065691.769183,default,0,1,15,92,2166,0,0,0,0,0,0,1,15,92,2166,0,1,15,92,2166,0,0,0,0,3,0,1,15,92,2163
1579065691.769183,default-attempt-stream,0,0,0,0,0,0,0,0,0,0,0,0,0,0,0,0,0,0,0,0,0,0,0,0,0,0,0,0,0,0
1579065691.769183,default-wsrr,0,0,0,0,0,0,0,0,0,0,0,0,0,0,0,0,0,0,0,0,0,0,0,0,0,0,0,0,0,0
1579065691.769183,deploySNIArtifacts-XMLMgr,0,0,0,0,0,0,0,0,0,0,0,0,0,0,0,0,0,0,0,0,0,0,0,0,0,0,0,0,0,0
1579065691.769183,mbaas_uri_to_host_xmlmgr,1914,13325,130237,652450,46353398,1908,13291,129961,650677,46279919,6,34,276,1773,73479,1910,13330,130305,652942,46361409,1908,13312,130142,651928,46324040,2,18,163,1014,37369
1579066292.122159,CustomDomainsAPIRouter-XMLMgr,0,0,0,0,4,0,0,0,0,0,0,0,0,0,4,0,0,0,0,4,0,0,0,0,4,0,0,0,0,0
1579066292.122159,default,0,2,15,90,2166,0,0,0,0,0,0,2,15,90,2166,0,2,15,90,2166,0,0,0,0,3,0,2,15,90,2163
1579066292.122159,default-attempt-stream,0,0,0,0,0,0,0,0,0,0,0,0,0,0,0,0,0,0,0,0,0,0,0,0,0,0,0,0,0,0
1579066292.122159,default-wsrr,0,0,0,0,0,0,0,0,0,0,0,0,0,0,0,0,0,0,0,0,0,0,0,0,0,0,0,0,0,0
1579066292.122159,deploySNIArtifacts-XMLMgr,0,0,0,0,0,0,0,0,0,0,0,0,0,0,0,0,0,0,0,0,0,0,0,0,0,0,0,0,0,0
1579066292.122159,mbaas_uri_to_host_xmlmgr,1931,14097,127836,675739,46353398,1928,14065,127519,673999,46279919,3,32,317,1740,73479,1926,14101,127927,676214,46361409,1922,14080,127739,675214,46324040,4,21,188,1000,37369
1579066892.429643,CustomDomainsAPIRouter-XMLMgr,0,0,0,0,4,0,0,0,0,0,0,0,0,0,4,0,0,0,0,4,0,0,0,0,4,0,0,0,0,0
1579066892.429643,default,0,1,14,89,2164,0,0,0,0,0,0,1,14,89,2164,0,1,14,89,2164,0,0,0,0,3,0,1,14,89,2161
1579066892.429643,default-attempt-stream,0,0,0,0,0,0,0,0,0,0,0,0,0,0,0,0,0,0,0,0,0,0,0,0,0,0,0,0,0,0
1579066892.429643,default-wsrr,0,0,0,0,0,0,0,0,0,0,0,0,0,0,0,0,0,0,0,0,0,0,0,0,0,0,0,0,0,0
1579066892.429643,deploySNIArtifacts-XMLMgr,0,0,0,0,0,0,0,0,0,0,0,0,0,0,0,0,0,0,0,0,0,0,0,0,0,0,0,0,0,0
1579066892.429643,mbaas_uri_to_host_xmlmgr,2133,14785,138904,711030,46403972,2131,14742,138609,709263,46330065,2,43,295,1767,73907,2135,14792,138979,711496,46412440,2133,14772,138807,710483,46375087,2,20,172,1013,37353
1579067492.738028,CustomDomainsAPIRouter-XMLMgr,0,0,0,0,4,0,0,0,0,0,0,0,0,0,4,0,0,0,0,4,0,0,0,0,4,0,0,0,0,0
1579067492.738028,default,0,1,15,88,2164,0,0,0,0,0,0,1,15,88,2164,0,1,15,88,2164,0,0,0,0,3,0,1,15,88,2161
1579067492.738028,default-attempt-stream,0,0,0,0,0,0,0,0,0,0,0,0,0,0,0,0,0,0,0,0,0,0,0,0,0,0,0,0,0,0
1579067492.738028,default-wsrr,0,0,0,0,0,0,0,0,0,0,0,0,0,0,0,0,0,0,0,0,0,0,0,0,0,0,0,0,0,0
1579067492.738028,deploySNIArtifacts-XMLMgr,0,0,0,0,0,0,0,0,0,0,0,0,0,0,0,0,0,0,0,0,0,0,0,0,0,0,0,0,0,0
1579067492.738028,mbaas_uri_to_host_xmlmgr,2290,15195,155957,750150,46403972,2284,15177,155626,748369,46330065,6,18,331,1781,73907,2290,15209,156048,750639,46412440,2287,15195,155871,749617,46375087,3,14,177,1022,37353
1579068093.051266,CustomDomainsAPIRouter-XMLMgr,0,0,0,0,4,0,0,0,0,0,0,0,0,0,4,0,0,0,0,4,0,0,0,0,4,0,0,0,0,0
1579068093.051266,default,0,2,15,89,2164,0,0,0,0,0,0,2,15,89,2164,0,2,15,89,2164,0,0,0,0,3,0,2,15,89,2161
1579068093.051266,default-attempt-stream,0,0,0,0,0,0,0,0,0,0,0,0,0,0,0,0,0,0,0,0,0,0,0,0,0,0,0,0,0,0
1579068093.051266,default-wsrr,0,0,0,0,0,0,0,0,0,0,0,0,0,0,0,0,0,0,0,0,0,0,0,0,0,0,0,0,0,0
1579068093.051266,deploySNIArtifacts-XMLMgr,0,0,0,0,0,0,0,0,0,0,0,0,0,0,0,0,0,0,0,0,0,0,0,0,0,0,0,0,0,0
1579068093.051266,mbaas_uri_to_host_xmlmgr,2670,18156,163033,800335,46403972,2662,18125,162777,798529,46330065,8,31,256,1806,73907,2674,18160,163088,800821,46412440,2670,18144,162919,799796,46375087,4,16,169,1025,37353
1579068693.390913,CustomDomainsAPIRouter-XMLMgr,0,0,0,0,4,0,0,0,0,0,0,0,0,0,4,0,0,0,0,4,0,0,0,0,4,0,0,0,0,0
1579068693.390913,default,0,1,15,89,2164,0,0,0,0,0,0,1,15,89,2164,0,1,15,89,2164,0,0,0,0,3,0,1,15,89,2161
1579068693.390913,default-attempt-stream,0,0,0,0,0,0,0,0,0,0,0,0,0,0,0,0,0,0,0,0,0,0,0,0,0,0,0,0,0,0
1579068693.390913,default-wsrr,0,0,0,0,0,0,0,0,0,0,0,0,0,0,0,0,0,0,0,0,0,0,0,0,0,0,0,0,0,0
1579068693.390913,deploySNIArtifacts-XMLMgr,0,0,0,0,0,0,0,0,0,0,0,0,0,0,0,0,0,0,0,0,0,0,0,0,0,0,0,0,0,0
1579068693.390913,mbaas_uri_to_host_xmlmgr,2975,19451,183309,862185,46403972,2971,19423,183019,860429,46330065,4,28,290,1756,73907,2971,19463,183391,862638,46412440,2967,19451,183219,861597,46375087,4,12,172,1041,37353
1579069293.717059,CustomDomainsAPIRouter-XMLMgr,0,0,0,0,4,0,0,0,0,0,0,0,0,0,4,0,0,0,0,4,0,0,0,0,4,0,0,0,0,0
1579069293.717059,default,0,1,14,89,2164,0,0,0,0,0,0,1,14,89,2164,0,1,14,89,2164,0,0,0,0,3,0,1,14,89,2161
1579069293.717059,default-attempt-stream,0,0,0,0,0,0,0,0,0,0,0,0,0,0,0,0,0,0,0,0,0,0,0,0,0,0,0,0,0,0
1579069293.717059,default-wsrr,0,0,0,0,0,0,0,0,0,0,0,0,0,0,0,0,0,0,0,0,0,0,0,0,0,0,0,0,0,0
1579069293.717059,deploySNIArtifacts-XMLMgr,0,0,0,0,0,0,0,0,0,0,0,0,0,0,0,0,0,0,0,0,0,0,0,0,0,0,0,0,0,0
1579069293.717059,mbaas_uri_to_host_xmlmgr,2860,18900,196782,925991,46403972,2857,18877,196476,924212,46330065,3,23,306,1779,73907,2860,18918,196873,926465,46412440,2856,18906,196695,925409,46375087,4,12,178,1056,37353
1579069894.022277,CustomDomainsAPIRouter-XMLMgr,0,0,0,0,4,0,0,0,0,0,0,0,0,0,4,0,0,0,0,4,0,0,0,0,4,0,0,0,0,0
1579069894.022277,default,0,1,15,89,2164,0,0,0,0,0,0,1,15,89,2164,0,1,15,89,2164,0,0,0,0,3,0,1,15,89,2161
1579069894.022277,default-attempt-stream,0,0,0,0,0,0,0,0,0,0,0,0,0,0,0,0,0,0,0,0,0,0,0,0,0,0,0,0,0,0
1579069894.022277,default-wsrr,0,0,0,0,0,0,0,0,0,0,0,0,0,0,0,0,0,0,0,0,0,0,0,0,0,0,0,0,0,0
1579069894.022277,deploySNIArtifacts-XMLMgr,0,0,0,0,0,0,0,0,0,0,0,0,0,0,0,0,0,0,0,0,0,0,0,0,0,0,0,0,0,0
1579069894.022277,mbaas_uri_to_host_xmlmgr,3185,21115,199286,993705,46403972,3182,21086,199038,991942,46330065,3,29,248,1763,73907,3184,21124,199353,994186,46412440,3181,21108,199205,993147,46375087,3,16,148,1039,37353
1579070494.338525,CustomDomainsAPIRouter-XMLMgr,0,0,0,0,4,0,0,0,0,0,0,0,0,0,4,0,0,0,0,4,0,0,0,0,4,0,0,0,0,0
1579070494.338525,default,0,1,15,90,2164,0,0,0,0,0,0,1,15,90,2164,0,1,15,90,2164,0,0,0,0,3,0,1,15,90,2161
1579070494.338525,default-attempt-stream,0,0,0,0,0,0,0,0,0,0,0,0,0,0,0,0,0,0,0,0,0,0,0,0,0,0,0,0,0,0
1579070494.338525,default-wsrr,0,0,0,0,0,0,0,0,0,0,0,0,0,0,0,0,0,0,0,0,0,0,0,0,0,0,0,0,0,0
1579070494.338525,deploySNIArtifacts-XMLMgr,0,0,0,0,0,0,0,0,0,0,0,0,0,0,0,0,0,0,0,0,0,0,0,0,0,0,0,0,0,0
1579070494.338525,mbaas_uri_to_host_xmlmgr,3912,23343,224399,1067379,46450302,3909,23318,224131,1065649,46376106,3,25,268,1730,74196,3899,23344,224459,1067860,46459224,3897,23328,224294,1066833,46421875,2,16,165,1027,37349
1579071094.668169,CustomDomainsAPIRouter-XMLMgr,0,0,0,0,4,0,0,0,0,0,0,0,0,0,4,0,0,0,0,4,0,0,0,0,4,0,0,0,0,0
1579071094.668169,default,0,1,16,91,2164,0,0,0,0,0,0,1,16,91,2164,0,1,16,91,2164,0,0,0,0,3,0,1,16,91,2161
1579071094.668169,default-attempt-stream,0,0,0,0,0,0,0,0,0,0,0,0,0,0,0,0,0,0,0,0,0,0,0,0,0,0,0,0,0,0
1579071094.668169,default-wsrr,0,0,0,0,0,0,0,0,0,0,0,0,0,0,0,0,0,0,0,0,0,0,0,0,0,0,0,0,0,0
1579071094.668169,deploySNIArtifacts-XMLMgr,0,0,0,0,0,0,0,0,0,0,0,0,0,0,0,0,0,0,0,0,0,0,0,0,0,0,0,0,0,0
1579071094.668169,mbaas_uri_to_host_xmlmgr,5035,31173,271423,1160830,46450302,5031,31148,271092,1159142,46376106,4,25,331,1688,74196,5023,31161,271518,1161272,46459224,5019,31144,271334,1160263,46421875,4,17,184,1009,37349
1579071694.997596,CustomDomainsAPIRouter-XMLMgr,0,0,0,0,4,0,0,0,0,0,0,0,0,0,4,0,0,0,0,4,0,0,0,0,4,0,0,0,0,0
1579071694.997596,default,0,2,16,90,2164,0,0,0,0,0,0,2,16,90,2164,0,2,16,90,2164,0,0,0,0,3,0,2,16,90,2161
1579071694.997596,default-attempt-stream,0,0,0,0,0,0,0,0,0,0,0,0,0,0,0,0,0,0,0,0,0,0,0,0,0,0,0,0,0,0
1579071694.997596,default-wsrr,0,0,0,0,0,0,0,0,0,0,0,0,0,0,0,0,0,0,0,0,0,0,0,0,0,0,0,0,0,0
1579071694.997596,deploySNIArtifacts-XMLMgr,0,0,0,0,0,0,0,0,0,0,0,0,0,0,0,0,0,0,0,0,0,0,0,0,0,0,0,0,0,0
1579071694.997596,mbaas_uri_to_host_xmlmgr,7238,41972,340905,1296190,46450302,7226,41936,340475,1294447,46376106,12,36,430,1743,74196,7236,41970,340976,1296639,46459224,7229,41951,340795,1295628,46421875,7,19,181,1011,37349
1579072295.343932,CustomDomainsAPIRouter-XMLMgr,0,0,0,0,4,0,0,0,0,0,0,0,0,0,4,0,0,0,0,4,0,0,0,0,4,0,0,0,0,0
1579072295.343932,default,0,1,15,92,2164,0,0,0,0,0,0,1,15,92,2164,0,1,15,92,2164,0,0,0,0,3,0,1,15,92,2161
1579072295.343932,default-attempt-stream,0,0,0,0,0,0,0,0,0,0,0,0,0,0,0,0,0,0,0,0,0,0,0,0,0,0,0,0,0,0
1579072295.343932,default-wsrr,0,0,0,0,0,0,0,0,0,0,0,0,0,0,0,0,0,0,0,0,0,0,0,0,0,0,0,0,0,0
1579072295.343932,deploySNIArtifacts-XMLMgr,0,0,0,0,0,0,0,0,0,0,0,0,0,0,0,0,0,0,0,0,0,0,0,0,0,0,0,0,0,0
1579072295.343932,mbaas_uri_to_host_xmlmgr,8983,52730,494368,1529168,46450302,8974,52704,493644,1527189,46376106,9,26,724,1979,74196,8997,52735,494428,1529613,46459224,8996,52714,494245,1528582,46421875,1,21,183,1031,37349
1579072895.687116,CustomDomainsAPIRouter-XMLMgr,0,0,0,0,4,0,0,0,0,0,0,0,0,0,4,0,0,0,0,4,0,0,0,0,4,0,0,0,0,0
1579072895.687116,default,0,1,14,91,2164,0,0,0,0,0,0,1,14,91,2164,0,1,14,91,2164,0,0,0,0,3,0,1,14,91,2161
1579072895.687116,default-attempt-stream,0,0,0,0,0,0,0,0,0,0,0,0,0,0,0,0,0,0,0,0,0,0,0,0,0,0,0,0,0,0
1579072895.687116,default-wsrr,0,0,0,0,0,0,0,0,0,0,0,0,0,0,0,0,0,0,0,0,0,0,0,0,0,0,0,0,0,0
1579072895.687116,deploySNIArtifacts-XMLMgr,0,0,0,0,0,0,0,0,0,0,0,0,0,0,0,0,0,0,0,0,0,0,0,0,0,0,0,0,0,0
1579072895.687116,mbaas_uri_to_host_xmlmgr,9576,56420,566374,1868366,46450302,9567,56392,565615,1866059,46376106,9,28,759,2307,74196,9580,56422,566436,1868793,46459224,9577,56400,566235,1867755,46421875,3,22,201,1038,37349
1579073496.026722,CustomDomainsAPIRouter-XMLMgr,0,0,0,0,4,0,0,0,0,0,0,0,0,0,4,0,0,0,0,4,0,0,0,0,4,0,0,0,0,0
1579073496.026722,default,0,1,15,90,2164,0,0,0,0,0,0,1,15,90,2164,0,1,15,90,2164,0,0,0,0,3,0,1,15,90,2161
1579073496.026722,default-attempt-stream,0,0,0,0,0,0,0,0,0,0,0,0,0,0,0,0,0,0,0,0,0,0,0,0,0,0,0,0,0,0
1579073496.026722,default-wsrr,0,0,0,0,0,0,0,0,0,0,0,0,0,0,0,0,0,0,0,0,0,0,0,0,0,0,0,0,0,0
1579073496.026722,deploySNIArtifacts-XMLMgr,0,0,0,0,0,0,0,0,0,0,0,0,0,0,0,0,0,0,0,0,0,0,0,0,0,0,0,0,0,0
1579073496.026722,mbaas_uri_to_host_xmlmgr,8768,56491,563395,2245842,46450302,8669,56366,562799,2243014,46376106,99,125,596,2828,74196,8761,56484,563472,2246266,46459224,8757,56463,563236,2245162,46421875,4,21,236,1104,37349
