TIME,dpStatusNetworkReceiveDataThroughputInterfaceType,dpStatusNetworkReceiveDataThroughputInterfaceName,dpStatusNetworkReceiveDataThroughputTenSecondsBits,dpStatusNetworkReceiveDataThroughputOneMinuteBits,dpStatusNetworkReceiveDataThroughputTenMinutesBits,dpStatusNetworkReceiveDataThroughputOneHourBits,dpStatusNetworkReceiveDataThroughputOneDayBits
1579809405.147893,ethernet,eth0,9273,564922,10790,21590,68116
1579809405.147893,ethernet,eth0-vip,0,0,0,0,0
1579809405.147893,ethernet,eth1,17578,18102,17637,52800,77609
1579809405.147893,ethernet,eth1-vip,0,0,0,0,0
1579809405.147893,ethernet,eth2,12,12,12,12,12
1579809405.147893,ethernet,eth3,0,0,0,0,0
1579810005.61319,ethernet,eth0,5812,7139,63450,30106,68372
1579810005.61319,ethernet,eth0-vip,0,0,0,0,0
1579810005.61319,ethernet,eth1,18000,18154,72454,41240,76556
1579810005.61319,ethernet,eth1-vip,0,0,0,0,0
1579810005.61319,ethernet,eth2,12,12,12,12,12
1579810005.61319,ethernet,eth3,0,0,0,0,0
1579810606.099822,ethernet,eth0,8070,5637,7329,20016,68372
1579810606.099822,ethernet,eth0-vip,0,0,0,0,0
1579810606.099822,ethernet,eth1,15390,16225,16653,48300,76556
1579810606.099822,ethernet,eth1-vip,0,0,0,0,0
1579810606.099822,ethernet,eth2,12,12,12,12,12
1579810606.099822,ethernet,eth3,0,0,0,0,0
1579811206.612446,ethernet,eth0,7149,7423,6072,19456,68372
1579811206.612446,ethernet,eth0-vip,0,0,0,0,0
1579811206.612446,ethernet,eth1,17347,15623,15863,37117,76556
1579811206.612446,ethernet,eth1-vip,0,0,0,0,0
1579811206.612446,ethernet,eth2,12,12,12,12,12
1579811206.612446,ethernet,eth3,0,0,0,0,0
1579811807.096563,ethernet,eth0,12652,10405,8285,18575,68372
1579811807.096563,ethernet,eth0-vip,0,0,0,0,0
1579811807.096563,ethernet,eth1,15924,16369,16161,35697,76556
1579811807.096563,ethernet,eth1-vip,0,0,0,0,0
1579811807.096563,ethernet,eth2,12,12,12,12,12
1579811807.096563,ethernet,eth3,0,0,0,0,0
1579812407.584122,ethernet,eth0,11585,12976,9682,17916,68372
1579812407.584122,ethernet,eth0-vip,0,0,0,0,0
1579812407.584122,ethernet,eth1,16513,16781,71791,35239,76556
1579812407.584122,ethernet,eth1-vip,0,0,0,0,0
1579812407.584122,ethernet,eth2,12,12,12,12,12
1579812407.584122,ethernet,eth3,0,0,0,0,0
1579813008.080071,ethernet,eth0,7818,15172,14850,17716,68372
1579813008.080071,ethernet,eth0-vip,0,0,0,0,0
1579813008.080071,ethernet,eth1,14964,16943,17166,35039,76556
1579813008.080071,ethernet,eth1-vip,0,0,0,0,0
1579813008.080071,ethernet,eth2,12,12,12,12,12
1579813008.080071,ethernet,eth3,0,0,0,0,0
1579813608.597251,ethernet,eth0,18985,19802,74044,18502,68285
1579813608.597251,ethernet,eth0-vip,0,0,0,0,0
1579813608.597251,ethernet,eth1,16950,16337,16689,34998,76301
1579813608.597251,ethernet,eth1-vip,0,0,0,0,0
1579813608.597251,ethernet,eth2,12,12,12,12,12
1579813608.597251,ethernet,eth3,0,0,0,0,0
1579814209.092525,ethernet,eth0,17684,17980,18181,20458,68285
1579814209.092525,ethernet,eth0-vip,0,0,0,0,0
1579814209.092525,ethernet,eth1,14897,15730,71680,25689,76301
1579814209.092525,ethernet,eth1-vip,0,0,0,0,0
1579814209.092525,ethernet,eth2,13,12,12,12,12
1579814209.092525,ethernet,eth3,0,0,0,0,0
1579814809.5422,ethernet,eth0,14593,15569,15924,22206,68285
1579814809.5422,ethernet,eth0-vip,0,0,0,0,0
1579814809.5422,ethernet,eth1,14634,14175,14822,34859,76301
1579814809.5422,ethernet,eth1-vip,0,0,0,0,0
1579814809.5422,ethernet,eth2,12,12,12,12,12
1579814809.5422,ethernet,eth3,0,0,0,0,0
1579815411.43245,ethernet,eth0,11586,9204,68015,23779,68285
1579815411.43245,ethernet,eth0-vip,0,0,0,0,0
1579815411.43245,ethernet,eth1,14951,14333,14459,34666,76301
1579815411.43245,ethernet,eth1-vip,0,0,0,0,0
1579815411.43245,ethernet,eth2,12,12,12,12,12
1579815411.43245,ethernet,eth3,0,0,0,0,0
1579816011.897434,ethernet,eth0,8391,12584,12154,33553,68285
1579816011.897434,ethernet,eth0-vip,0,0,0,0,0
1579816011.897434,ethernet,eth1,18589,15192,14201,25137,76301
1579816011.897434,ethernet,eth1-vip,0,0,0,0,0
1579816011.897434,ethernet,eth2,12,12,12,12,12
1579816011.897434,ethernet,eth3,0,0,0,0,0
1579816612.366602,ethernet,eth0,8780,9484,7358,33653,68285
1579816612.366602,ethernet,eth0-vip,0,0,0,0,0
1579816612.366602,ethernet,eth1,13865,14140,69268,24747,76301
1579816612.366602,ethernet,eth1-vip,0,0,0,0,0
1579816612.366602,ethernet,eth2,12,12,12,12,12
1579816612.366602,ethernet,eth3,0,0,0,0,0
1579817212.857685,ethernet,eth0,11042,10412,10568,23189,67871
1579817212.857685,ethernet,eth0-vip,0,0,0,0,0
1579817212.857685,ethernet,eth1,13482,13750,13645,33412,76107
1579817212.857685,ethernet,eth1-vip,0,0,0,0,0
1579817212.857685,ethernet,eth2,12,12,12,12,12
1579817212.857685,ethernet,eth3,0,0,0,0,0
1579817813.349748,ethernet,eth0,3925,4653,11788,21737,67871
1579817813.349748,ethernet,eth0-vip,0,0,0,0,0
1579817813.349748,ethernet,eth1,11958,12298,12924,32887,76107
1579817813.349748,ethernet,eth1-vip,0,0,0,0,0
1579817813.349748,ethernet,eth2,12,12,12,12,12
1579817813.349748,ethernet,eth3,0,0,0,0,0
1579818413.834198,ethernet,eth0,10140,9052,5232,20567,67871
1579818413.834198,ethernet,eth0-vip,0,0,0,0,0
1579818413.834198,ethernet,eth1,14392,12971,13036,23125,76107
1579818413.834198,ethernet,eth1-vip,0,0,0,0,0
1579818413.834198,ethernet,eth2,12,12,12,12,12
1579818413.834198,ethernet,eth3,0,0,0,0,0
1579819014.310587,ethernet,eth0,15752,9095,63751,28213,67871
1579819014.310587,ethernet,eth0-vip,0,0,0,0,0
1579819014.310587,ethernet,eth1,10554,11522,67241,22855,76107
1579819014.310587,ethernet,eth1-vip,0,0,0,0,0
1579819014.310587,ethernet,eth2,12,12,12,12,12
1579819014.310587,ethernet,eth3,0,0,0,0,0
1579819614.778917,ethernet,eth0,3947,4343,5640,18379,67871
1579819614.778917,ethernet,eth0-vip,0,0,0,0,0
1579819614.778917,ethernet,eth1,9632,10547,10739,31634,76107
1579819614.778917,ethernet,eth1-vip,0,0,0,0,0
1579819614.778917,ethernet,eth2,12,12,12,12,12
1579819614.778917,ethernet,eth3,0,0,0,0,0
1579820215.259354,ethernet,eth0,4159,3423,4302,17362,67871
1579820215.259354,ethernet,eth0-vip,0,0,0,0,0
1579820215.259354,ethernet,eth1,10566,10687,11602,31080,76107
1579820215.259354,ethernet,eth1-vip,0,0,0,0,0
1579820215.259354,ethernet,eth2,13,12,12,12,12
1579820215.259354,ethernet,eth3,0,0,0,0,0
1579820815.72931,ethernet,eth0,2440,3559,4238,16797,67681
1579820815.72931,ethernet,eth0-vip,0,0,0,0,0
1579820815.72931,ethernet,eth1,9625,9738,10342,21466,75655
1579820815.72931,ethernet,eth1-vip,0,0,0,0,0
1579820815.72931,ethernet,eth2,12,12,12,12,12
1579820815.72931,ethernet,eth3,0,0,0,0,0
1579821416.25279,ethernet,eth0,4482,5233,4194,15721,67681
1579821416.25279,ethernet,eth0-vip,0,0,0,0,0
1579821416.25279,ethernet,eth1,9575,9741,9736,20937,75655
1579821416.25279,ethernet,eth1-vip,0,0,0,0,0
1579821416.25279,ethernet,eth2,12,13,12,12,12
1579821416.25279,ethernet,eth3,0,0,0,0,0
1579822016.72154,ethernet,eth0,8880,5716,4158,14658,67681
1579822016.72154,ethernet,eth0-vip,0,0,0,0,0
1579822016.72154,ethernet,eth1,11354,11049,65637,20412,75655
1579822016.72154,ethernet,eth1-vip,0,0,0,0,0
1579822016.72154,ethernet,eth2,13,12,12,12,12
1579822016.72154,ethernet,eth3,0,0,0,0,0
1579822617.188168,ethernet,eth0,2590,2756,4452,5037,67681
1579822617.188168,ethernet,eth0-vip,0,0,0,0,0
1579822617.188168,ethernet,eth1,7096,7302,8923,29208,75655
1579822617.188168,ethernet,eth1-vip,0,0,0,0,0
1579822617.188168,ethernet,eth2,12,12,12,12,12
1579822617.188168,ethernet,eth3,0,0,0,0,0
1579823217.682331,ethernet,eth0,2006,2602,3347,4405,67681
1579823217.682331,ethernet,eth0-vip,0,0,0,0,0
1579823217.682331,ethernet,eth1,6949,8727,8241,19438,75655
1579823217.682331,ethernet,eth1-vip,0,0,0,0,0
1579823217.682331,ethernet,eth2,12,12,12,12,12
1579823217.682331,ethernet,eth3,0,0,0,0,0
1579823818.178802,ethernet,eth0,8586,5385,3669,4077,67681
1579823818.178802,ethernet,eth0-vip,0,0,0,0,0
1579823818.178802,ethernet,eth1,10127,11069,10026,19015,75655
1579823818.178802,ethernet,eth1-vip,0,0,0,0,0
1579823818.178802,ethernet,eth2,12,12,12,12,12
1579823818.178802,ethernet,eth3,0,0,0,0,0
1579824418.637408,ethernet,eth0,2670,4498,4304,4068,67086
1579824418.637408,ethernet,eth0-vip,0,0,0,0,0
1579824418.637408,ethernet,eth1,10164,10726,10874,18831,75552
1579824418.637408,ethernet,eth1-vip,0,0,0,0,0
1579824418.637408,ethernet,eth2,12,12,12,12,12
1579824418.637408,ethernet,eth3,0,0,0,0,0
1579825019.136839,ethernet,eth0,2269,5151,4293,4011,67086
1579825019.136839,ethernet,eth0-vip,0,0,0,0,0
1579825019.136839,ethernet,eth1,7668,8864,9127,18894,75552
1579825019.136839,ethernet,eth1-vip,0,0,0,0,0
1579825019.136839,ethernet,eth2,13,12,12,12,12
1579825019.136839,ethernet,eth3,0,0,0,0,0
1579825619.607984,ethernet,eth0,6347,4065,2973,4009,67086
1579825619.607984,ethernet,eth0-vip,0,0,0,0,0
1579825619.607984,ethernet,eth1,6305,6996,63505,18786,75552
1579825619.607984,ethernet,eth1-vip,0,0,0,0,0
1579825619.607984,ethernet,eth2,12,12,12,12,12
1579825619.607984,ethernet,eth3,0,0,0,0,0
1579826220.109854,ethernet,eth0,2665,2567,59449,3808,67086
1579826220.109854,ethernet,eth0-vip,0,0,0,0,0
1579826220.109854,ethernet,eth1,6537,7096,7523,18383,75552
1579826220.109854,ethernet,eth1-vip,0,0,0,0,0
1579826220.109854,ethernet,eth2,13,12,12,12,12
1579826220.109854,ethernet,eth3,0,0,0,0,0
1579826820.584184,ethernet,eth0,2683,2580,2985,13006,67086
1579826820.584184,ethernet,eth0-vip,0,0,0,0,0
1579826820.584184,ethernet,eth1,6289,6472,6690,18210,75552
1579826820.584184,ethernet,eth1-vip,0,0,0,0,0
1579826820.584184,ethernet,eth2,12,12,12,12,12
1579826820.584184,ethernet,eth3,0,0,0,0,0
1579827421.241264,ethernet,eth0,2224,1906,2608,12944,67086
1579827421.241264,ethernet,eth0-vip,0,0,0,0,0
1579827421.241264,ethernet,eth1,5086,6015,6192,17947,75552
1579827421.241264,ethernet,eth1-vip,0,0,0,0,0
1579827421.241264,ethernet,eth2,12,12,12,12,12
1579827421.241264,ethernet,eth3,0,0,0,0,0
1579828021.710859,ethernet,eth0,1833,1887,3310,12698,66928
1579828021.710859,ethernet,eth0-vip,0,0,0,0,0
1579828021.710859,ethernet,eth1,4687,5397,5614,17229,75600
1579828021.710859,ethernet,eth1-vip,0,0,0,0,0
1579828021.710859,ethernet,eth2,12,12,12,12,12
1579828021.710859,ethernet,eth3,0,0,0,0,0
1579828622.172326,ethernet,eth0,1727,1527,2788,12600,66928
1579828622.172326,ethernet,eth0-vip,0,0,0,0,0
1579828622.172326,ethernet,eth1,4575,4763,5482,16366,75600
1579828622.172326,ethernet,eth1-vip,0,0,0,0,0
1579828622.172326,ethernet,eth2,12,12,12,12,12
1579828622.172326,ethernet,eth3,0,0,0,0,0
1579829222.62194,ethernet,eth0,4139,3653,3211,12338,66928
1579829222.62194,ethernet,eth0-vip,0,0,0,0,0
1579829222.62194,ethernet,eth1,9528,10749,10491,15778,75600
1579829222.62194,ethernet,eth1-vip,0,0,0,0,0
1579829222.62194,ethernet,eth2,12,12,12,12,12
1579829222.62194,ethernet,eth3,0,0,0,0,0
1579829823.105334,ethernet,eth0,2747,2933,4100,12365,66928
1579829823.105334,ethernet,eth0-vip,0,0,0,0,0
1579829823.105334,ethernet,eth1,3344759,567342,67159,7062,75600
1579829823.105334,ethernet,eth1-vip,0,0,0,0,0
1579829823.105334,ethernet,eth2,12,12,12,12,12
1579829823.105334,ethernet,eth3,0,0,0,0,0
1579830423.622912,ethernet,eth0,8660,3807,4145,3193,66928
1579830423.622912,ethernet,eth0-vip,0,0,0,0,0
1579830423.622912,ethernet,eth1,10882,10498,11255,17016,75600
1579830423.622912,ethernet,eth1-vip,0,0,0,0,0
1579830423.622912,ethernet,eth2,12,12,12,12,12
1579830423.622912,ethernet,eth3,0,0,0,0,0
1579831024.11086,ethernet,eth0,3402,2927,3702,3428,66928
1579831024.11086,ethernet,eth0-vip,0,0,0,0,0
1579831024.11086,ethernet,eth1,11027,10784,10747,17771,75600
1579831024.11086,ethernet,eth1-vip,0,0,0,0,0
1579831024.11086,ethernet,eth2,12,12,12,12,12
1579831024.11086,ethernet,eth3,0,0,0,0,0
1579831624.600587,ethernet,eth0,8710,4530,3924,3544,66441
1579831624.600587,ethernet,eth0-vip,0,0,0,0,0
1579831624.600587,ethernet,eth1,10451,11132,10605,18538,75621
1579831624.600587,ethernet,eth1-vip,0,0,0,0,0
1579831624.600587,ethernet,eth2,12,12,12,12,12
1579831624.600587,ethernet,eth3,0,0,0,0,0
1579832225.042501,ethernet,eth0,1943,6497,6720,3663,66441
1579832225.042501,ethernet,eth0-vip,0,0,0,0,0
1579832225.042501,ethernet,eth1,6451,6660,8155,19373,75621
1579832225.042501,ethernet,eth1-vip,0,0,0,0,0
1579832225.042501,ethernet,eth2,12,12,12,12,12
1579832225.042501,ethernet,eth3,0,0,0,0,0
1579832825.499034,ethernet,eth0,10244,7396,6744,4370,66441
1579832825.499034,ethernet,eth0-vip,0,0,0,0,0
1579832825.499034,ethernet,eth1,7285,7114,6978,19761,75621
1579832825.499034,ethernet,eth1-vip,0,0,0,0,0
1579832825.499034,ethernet,eth2,12,12,12,12,12
1579832825.499034,ethernet,eth3,0,0,0,0,0
1579833425.976816,ethernet,eth0,7208,6209,5888,4964,66441
1579833425.976816,ethernet,eth0-vip,0,0,0,0,0
1579833425.976816,ethernet,eth1,5171,5309,4848,19070,75621
1579833425.976816,ethernet,eth1-vip,0,0,0,0,0
1579833425.976816,ethernet,eth2,12,12,12,12,12
1579833425.976816,ethernet,eth3,0,0,0,0,0
1579834026.47782,ethernet,eth0,12184,7413,62112,5208,66441
1579834026.47782,ethernet,eth0-vip,0,0,0,0,0
1579834026.47782,ethernet,eth1,5380,5303,60953,8658,75621
1579834026.47782,ethernet,eth1-vip,0,0,0,0,0
1579834026.47782,ethernet,eth2,12,12,12,12,12
1579834026.47782,ethernet,eth3,0,0,0,0,0
1579834626.987165,ethernet,eth0,7758,6208,6210,14823,66441
1579834626.987165,ethernet,eth0-vip,0,0,0,0,0
1579834626.987165,ethernet,eth1,5360,5243,5035,16944,75621
1579834626.987165,ethernet,eth1-vip,0,0,0,0,0
1579834626.987165,ethernet,eth2,12,12,12,12,12
1579834626.987165,ethernet,eth3,0,0,0,0,0
1579835227.454084,ethernet,eth0,1958,5142,6953,15289,66947
1579835227.454084,ethernet,eth0-vip,0,0,0,0,0
1579835227.454084,ethernet,eth1,5381,5615,5260,16004,75988
1579835227.454084,ethernet,eth1-vip,0,0,0,0,0
1579835227.454084,ethernet,eth2,12,12,12,12,12
1579835227.454084,ethernet,eth3,0,0,0,0,0
1579835827.944674,ethernet,eth0,8306,6857,6827,15812,66947
1579835827.944674,ethernet,eth0-vip,0,0,0,0,0
1579835827.944674,ethernet,eth1,6080,5888,5517,15126,75988
1579835827.944674,ethernet,eth1-vip,0,0,0,0,0
1579835827.944674,ethernet,eth2,12,12,12,12,12
1579835827.944674,ethernet,eth3,0,0,0,0,0
1579836428.430728,ethernet,eth0,6924,4596,6093,15772,66947
1579836428.430728,ethernet,eth0-vip,0,0,0,0,0
1579836428.430728,ethernet,eth1,3823,3987,4223,14748,75988
1579836428.430728,ethernet,eth1-vip,0,0,0,0,0
1579836428.430728,ethernet,eth2,12,12,12,12,12
1579836428.430728,ethernet,eth3,0,0,0,0,0
1579837028.904151,ethernet,eth0,7579,6795,6430,15670,66947
1579837028.904151,ethernet,eth0-vip,0,0,0,0,0
1579837028.904151,ethernet,eth1,4076,3743,3946,14259,75988
1579837028.904151,ethernet,eth1-vip,0,0,0,0,0
1579837028.904151,ethernet,eth2,12,12,12,12,12
1579837028.904151,ethernet,eth3,0,0,0,0,0
1579837629.366603,ethernet,eth0,1945,4286,6909,15754,66947
1579837629.366603,ethernet,eth0-vip,0,0,0,0,0
1579837629.366603,ethernet,eth1,3764,3912,3820,14129,75988
1579837629.366603,ethernet,eth1-vip,0,0,0,0,0
1579837629.366603,ethernet,eth2,12,12,12,12,12
1579837629.366603,ethernet,eth3,0,0,0,0,0
1579838229.90826,ethernet,eth0,14898,8496,6513,6568,66947
1579838229.90826,ethernet,eth0-vip,0,0,0,0,0
1579838229.90826,ethernet,eth1,4723,4968,3972,4612,75988
1579838229.90826,ethernet,eth1-vip,0,0,0,0,0
1579838229.90826,ethernet,eth2,13,12,12,12,12
1579838229.90826,ethernet,eth3,0,0,0,0,0
1579838830.420355,ethernet,eth0,1977,2214,4827,6648,67121
1579838830.420355,ethernet,eth0-vip,0,0,0,0,0
1579838830.420355,ethernet,eth1,4792,5047,4605,4448,75612
1579838830.420355,ethernet,eth1-vip,0,0,0,0,0
1579838830.420355,ethernet,eth2,12,12,12,12,12
1579838830.420355,ethernet,eth3,0,0,0,0,0
1579839430.885446,ethernet,eth0,1879,3160,3001,6183,67121
1579839430.885446,ethernet,eth0-vip,0,0,0,0,0
1579839430.885446,ethernet,eth1,4589,5228,4925,4340,75612
1579839430.885446,ethernet,eth1-vip,0,0,0,0,0
1579839430.885446,ethernet,eth2,13,12,12,12,12
1579839430.885446,ethernet,eth3,0,0,0,0,0
1579840031.399186,ethernet,eth0,3017,3140,58387,5574,67121
1579840031.399186,ethernet,eth0-vip,0,0,0,0,0
1579840031.399186,ethernet,eth1,5330,5372,5040,4234,75612
1579840031.399186,ethernet,eth1-vip,0,0,0,0,0
1579840031.399186,ethernet,eth2,13,12,12,12,12
1579840031.399186,ethernet,eth3,0,0,0,0,0
1579840631.855914,ethernet,eth0,2998,2881,3127,14288,67121
1579840631.855914,ethernet,eth0-vip,0,0,0,0,0
1579840631.855914,ethernet,eth1,5364,5663,5664,4412,75612
1579840631.855914,ethernet,eth1-vip,0,0,0,0,0
1579840631.855914,ethernet,eth2,13,12,12,12,12
1579840631.855914,ethernet,eth3,0,0,0,0,0
1579841232.324926,ethernet,eth0,2257,2830,3424,13760,67121
1579841232.324926,ethernet,eth0-vip,0,0,0,0,0
1579841232.324926,ethernet,eth1,6317,5681,61163,4702,75612
1579841232.324926,ethernet,eth1-vip,0,0,0,0,0
1579841232.324926,ethernet,eth2,12,12,12,12,12
1579841232.324926,ethernet,eth3,0,0,0,0,0
1579841832.815162,ethernet,eth0,7975,8243,5490,13187,67121
1579841832.815162,ethernet,eth0-vip,0,0,0,0,0
1579841832.815162,ethernet,eth1,7182,6541,6225,14269,75612
1579841832.815162,ethernet,eth1-vip,0,0,0,0,0
1579841832.815162,ethernet,eth2,13,12,12,12,12
1579841832.815162,ethernet,eth3,0,0,0,0,0
1579842433.295941,ethernet,eth0,8139,6387,8480,13041,67013
1579842433.295941,ethernet,eth0-vip,0,0,0,0,0
1579842433.295941,ethernet,eth1,7421,8108,7373,14636,76016
1579842433.295941,ethernet,eth1-vip,0,0,0,0,0
1579842433.295941,ethernet,eth2,12,12,12,12,12
1579842433.295941,ethernet,eth3,0,0,0,0,0
1579843033.747318,ethernet,eth0,8629,7104,9035,13749,67013
1579843033.747318,ethernet,eth0-vip,0,0,0,0,0
1579843033.747318,ethernet,eth1,8346,8677,8436,15111,76016
1579843033.747318,ethernet,eth1-vip,0,0,0,0,0
1579843033.747318,ethernet,eth2,12,12,12,12,12
1579843033.747318,ethernet,eth3,0,0,0,0,0
1579843634.25223,ethernet,eth0,3205,9838,8956,14794,67013
1579843634.25223,ethernet,eth0-vip,0,0,0,0,0
1579843634.25223,ethernet,eth1,9761,9485,9090,15702,76016
1579843634.25223,ethernet,eth1-vip,0,0,0,0,0
1579843634.25223,ethernet,eth2,12,12,12,12,12
1579843634.25223,ethernet,eth3,0,0,0,0,0
1579844234.742969,ethernet,eth0,11373,12118,8646,6508,67013
1579844234.742969,ethernet,eth0-vip,0,0,0,0,0
1579844234.742969,ethernet,eth1,10686,10479,10237,16390,76016
1579844234.742969,ethernet,eth1-vip,0,0,0,0,0
1579844234.742969,ethernet,eth2,12,12,12,12,12
1579844234.742969,ethernet,eth3,0,0,0,0,0
1579844835.220871,ethernet,eth0,7681,8710,66312,7463,67013
1579844835.220871,ethernet,eth0-vip,0,0,0,0,0
1579844835.220871,ethernet,eth1,12619,567065,66813,17179,76016
1579844835.220871,ethernet,eth1-vip,0,0,0,0,0
1579844835.220871,ethernet,eth2,12,12,12,12,12
1579844835.220871,ethernet,eth3,0,0,0,0,0
1579845435.689817,ethernet,eth0,14303,12852,10612,17934,67013
1579845435.689817,ethernet,eth0-vip,0,0,0,0,0
1579845435.689817,ethernet,eth1,13734,13484,12805,18144,76016
1579845435.689817,ethernet,eth1-vip,0,0,0,0,0
1579845435.689817,ethernet,eth2,12,12,12,12,12
1579845435.689817,ethernet,eth3,0,0,0,0,0
1579846036.173288,ethernet,eth0,15928,10992,12366,18749,67154
1579846036.173288,ethernet,eth0-vip,0,0,0,0,0
1579846036.173288,ethernet,eth1,14021,14889,14902,19249,76052
1579846036.173288,ethernet,eth1-vip,0,0,0,0,0
1579846036.173288,ethernet,eth2,12,12,12,12,12
1579846036.173288,ethernet,eth3,0,0,0,0,0
1579846636.671741,ethernet,eth0,13455,13672,13858,19386,67154
1579846636.671741,ethernet,eth0-vip,0,0,0,0,0
1579846636.671741,ethernet,eth1,18413,17400,16839,20506,76052
1579846636.671741,ethernet,eth1-vip,0,0,0,0,0
1579846636.671741,ethernet,eth2,12,12,12,12,12
1579846636.671741,ethernet,eth3,0,0,0,0,0
1579847237.128333,ethernet,eth0,17668,568103,70621,20214,67154
1579847237.128333,ethernet,eth0-vip,0,0,0,0,0
1579847237.128333,ethernet,eth1,19002,21151,74569,21954,76052
1579847237.128333,ethernet,eth1-vip,0,0,0,0,0
1579847237.128333,ethernet,eth2,12,12,12,12,12
1579847237.128333,ethernet,eth3,0,0,0,0,0
1579847837.634135,ethernet,eth0,28437,23486,17697,30523,67154
1579847837.634135,ethernet,eth0-vip,0,0,0,0,0
1579847837.634135,ethernet,eth1,25618,24051,21879,32864,76052
1579847837.634135,ethernet,eth1-vip,0,0,0,0,0
1579847837.634135,ethernet,eth2,12,12,12,12,12
1579847837.634135,ethernet,eth3,0,0,0,0,0
1579848438.129312,ethernet,eth0,32016,36805,27338,32126,67154
1579848438.129312,ethernet,eth0-vip,0,0,0,0,0
1579848438.129312,ethernet,eth1,3328032,578341,25081,34844,76052
1579848438.129312,ethernet,eth1-vip,0,0,0,0,0
1579848438.129312,ethernet,eth2,12,12,12,12,12
1579848438.129312,ethernet,eth3,0,0,0,0,0
1579849038.647508,ethernet,eth0,83558,81144,108413,25847,67154
1579849038.647508,ethernet,eth0-vip,0,0,0,0,0
1579849038.647508,ethernet,eth1,41743,42262,88647,37103,76052
1579849038.647508,ethernet,eth1-vip,0,0,0,0,0
1579849038.647508,ethernet,eth2,12,12,12,12,12
1579849038.647508,ethernet,eth3,0,0,0,0,0
1579849639.268478,ethernet,eth0,183553,670951,283876,43035,67440
1579849639.268478,ethernet,eth0-vip,0,0,0,0,0
1579849639.268478,ethernet,eth1,71480,68244,109470,40805,76164
1579849639.268478,ethernet,eth1-vip,0,0,0,0,0
1579849639.268478,ethernet,eth2,12,12,12,12,12
1579849639.268478,ethernet,eth3,0,0,0,0,0
1579850239.737071,ethernet,eth0,168012,189542,336900,89618,67440
1579850239.737071,ethernet,eth0-vip,0,0,0,0,0
1579850239.737071,ethernet,eth1,81898,78163,129919,57006,76164
1579850239.737071,ethernet,eth1-vip,0,0,0,0,0
1579850239.737071,ethernet,eth2,12,12,12,12,12
1579850239.737071,ethernet,eth3,0,0,0,0,0
1579850840.351579,ethernet,eth0,176702,181821,336706,143699,67440
1579850840.351579,ethernet,eth0-vip,0,0,0,0,0
1579850840.351579,ethernet,eth1,82437,85382,190045,84831,76164
1579850840.351579,ethernet,eth1-vip,0,0,0,0,0
1579850840.351579,ethernet,eth2,12,12,12,12,12
1579850840.351579,ethernet,eth3,0,0,0,0,0
1579851440.872564,ethernet,eth0,154183,155296,309235,196124,67440
1579851440.872564,ethernet,eth0-vip,0,0,0,0,0
1579851440.872564,ethernet,eth1,3272866,614146,137295,95253,76164
1579851440.872564,ethernet,eth1-vip,0,0,0,0,0
1579851440.872564,ethernet,eth2,12,12,12,12,12
1579851440.872564,ethernet,eth3,0,0,0,0,0
1579852041.358356,ethernet,eth0,127204,649394,286186,235892,67440
1579852041.358356,ethernet,eth0-vip,0,0,0,0,0
1579852041.358356,ethernet,eth1,89066,85344,189348,123305,76164
1579852041.358356,ethernet,eth1-vip,0,0,0,0,0
1579852041.358356,ethernet,eth2,12,12,12,12,12
1579852041.358356,ethernet,eth3,0,0,0,0,0
1579852641.864482,ethernet,eth0,94232,105159,223907,278622,67440
1579852641.864482,ethernet,eth0-vip,0,0,0,0,0
1579852641.864482,ethernet,eth1,80879,81065,137129,132600,76164
1579852641.864482,ethernet,eth1-vip,0,0,0,0,0
1579852641.864482,ethernet,eth2,13,12,12,12,12
1579852641.864482,ethernet,eth3,0,0,0,0,0
1579853242.35972,ethernet,eth0,108178,106148,213257,296535,71927
1579853242.35972,ethernet,eth0-vip,0,0,0,0,0
1579853242.35972,ethernet,eth1,89096,88265,192153,158407,77448
1579853242.35972,ethernet,eth1-vip,0,0,0,0,0
1579853242.35972,ethernet,eth2,12,12,12,12,12
1579853242.35972,ethernet,eth3,0,0,0,0,0
1579853842.889234,ethernet,eth0,109020,622308,155802,283353,71927
1579853842.889234,ethernet,eth0-vip,0,0,0,0,0
1579853842.889234,ethernet,eth1,84072,615248,194346,162961,77448
1579853842.889234,ethernet,eth1-vip,0,0,0,0,0
1579853842.889234,ethernet,eth2,12,12,12,12,12
1579853842.889234,ethernet,eth3,0,0,0,0,0
1579854443.527944,ethernet,eth0,111273,109595,208916,261481,71927
1579854443.527944,ethernet,eth0-vip,0,0,0,0,0
1579854443.527944,ethernet,eth1,85509,87107,142803,164631,77448
1579854443.527944,ethernet,eth1-vip,0,0,0,0,0
1579854443.527944,ethernet,eth2,12,12,12,12,12
1579854443.527944,ethernet,eth3,0,0,0,0,0
1579855044.046117,ethernet,eth0,102237,95426,196202,231981,71927
1579855044.046117,ethernet,eth0-vip,0,0,0,0,0
1579855044.046117,ethernet,eth1,93417,92294,195141,165567,77448
1579855044.046117,ethernet,eth1-vip,0,0,0,0,0
1579855044.046117,ethernet,eth2,13,12,12,12,12
1579855044.046117,ethernet,eth3,0,0,0,0,0
1579855644.565153,ethernet,eth0,85341,612818,136508,213292,71927
1579855644.565153,ethernet,eth0-vip,0,0,0,0,0
1579855644.565153,ethernet,eth1,86869,86510,139780,166431,77448
1579855644.565153,ethernet,eth1-vip,0,0,0,0,0
1579855644.565153,ethernet,eth2,12,12,12,12,12
1579855644.565153,ethernet,eth3,0,0,0,0,0
1579856245.058929,ethernet,eth0,87383,80157,191263,197031,71927
1579856245.058929,ethernet,eth0-vip,0,0,0,0,0
1579856245.058929,ethernet,eth1,80142,86002,194870,166906,77448
1579856245.058929,ethernet,eth1-vip,0,0,0,0,0
1579856245.058929,ethernet,eth2,12,12,12,12,12
1579856245.058929,ethernet,eth3,0,0,0,0,0
1579856845.608943,ethernet,eth0,87231,84137,125527,182989,72198
1579856845.608943,ethernet,eth0-vip,0,0,0,0,0
1579856845.608943,ethernet,eth1,85841,84271,135614,167665,77706
1579856845.608943,ethernet,eth1-vip,0,0,0,0,0
1579856845.608943,ethernet,eth2,12,12,12,12,12
1579856845.608943,ethernet,eth3,0,0,0,0,0
1579857446.186911,ethernet,eth0,71174,69242,181177,168560,72198
1579857446.186911,ethernet,eth0-vip,0,0,0,0,0
1579857446.186911,ethernet,eth1,92991,87856,189743,175911,77706
1579857446.186911,ethernet,eth1-vip,0,0,0,0,0
1579857446.186911,ethernet,eth2,12,12,12,12,12
1579857446.186911,ethernet,eth3,0,0,0,0,0
1579858046.664777,ethernet,eth0,65882,65422,123139,163975,72198
1579858046.664777,ethernet,eth0-vip,0,0,0,0,0
1579858046.664777,ethernet,eth1,82448,82972,136823,166356,77706
1579858046.664777,ethernet,eth1-vip,0,0,0,0,0
1579858046.664777,ethernet,eth2,12,12,12,12,12
1579858046.664777,ethernet,eth3,0,0,0,0,0
1579858647.223474,ethernet,eth0,80421,80102,120413,149699,72198
1579858647.223474,ethernet,eth0-vip,0,0,0,0,0
1579858647.223474,ethernet,eth1,87760,87747,189533,174093,77706
1579858647.223474,ethernet,eth1-vip,0,0,0,0,0
1579858647.223474,ethernet,eth2,13,12,12,12,12
1579858647.223474,ethernet,eth3,0,0,0,0,0
1579859247.732056,ethernet,eth0,86074,83283,121600,145855,72198
1579859247.732056,ethernet,eth0-vip,0,0,0,0,0
1579859247.732056,ethernet,eth1,3259411,622592,139909,164294,77706
1579859247.732056,ethernet,eth1-vip,0,0,0,0,0
1579859247.732056,ethernet,eth2,12,12,12,12,12
1579859247.732056,ethernet,eth3,0,0,0,0,0
1579859849.071717,ethernet,eth0,79052,66745,179429,134945,72198
1579859849.071717,ethernet,eth0-vip,0,0,0,0,0
1579859849.071717,ethernet,eth1,80755,85683,194700,173299,77706
1579859849.071717,ethernet,eth1-vip,0,0,0,0,0
1579859849.071717,ethernet,eth2,12,12,12,12,12
1579859849.071717,ethernet,eth3,0,0,0,0,0
1579860449.590901,ethernet,eth0,87372,70063,121293,141744,71919
1579860449.590901,ethernet,eth0-vip,0,0,0,0,0
1579860449.590901,ethernet,eth1,88485,617052,191692,164377,77732
1579860449.590901,ethernet,eth1-vip,0,0,0,0,0
1579860449.590901,ethernet,eth2,12,12,12,12,12
1579860449.590901,ethernet,eth3,0,0,0,0,0
1579861050.094193,ethernet,eth0,56199,56794,119694,141005,71919
1579861050.094193,ethernet,eth0-vip,0,0,0,0,0
1579861050.094193,ethernet,eth1,91887,86729,139463,164865,77732
1579861050.094193,ethernet,eth1-vip,0,0,0,0,0
1579861050.094193,ethernet,eth2,12,12,12,12,12
1579861050.094193,ethernet,eth3,0,0,0,0,0
1579861650.553743,ethernet,eth0,68461,65465,111247,130722,71919
1579861650.553743,ethernet,eth0-vip,0,0,0,0,0
1579861650.553743,ethernet,eth1,82747,613917,188471,165290,77732
1579861650.553743,ethernet,eth1-vip,0,0,0,0,0
1579861650.553743,ethernet,eth2,12,12,12,12,12
1579861650.553743,ethernet,eth3,0,0,0,0,0
1579862251.041741,ethernet,eth0,68391,66472,118845,128940,71919
1579862251.041741,ethernet,eth0-vip,0,0,0,0,0
1579862251.041741,ethernet,eth1,82607,82054,134019,165116,77732
1579862251.041741,ethernet,eth1-vip,0,0,0,0,0
1579862251.041741,ethernet,eth2,12,12,12,12,12
1579862251.041741,ethernet,eth3,0,0,0,0,0
1579862851.628318,ethernet,eth0,87737,70459,117481,128433,71919
1579862851.628318,ethernet,eth0-vip,0,0,0,0,0
1579862851.628318,ethernet,eth1,85281,614087,190726,164624,77732
1579862851.628318,ethernet,eth1-vip,0,0,0,0,0
1579862851.628318,ethernet,eth2,12,12,12,12,12
1579862851.628318,ethernet,eth3,0,0,0,0,0
1579863452.126597,ethernet,eth0,55806,604752,119888,127843,71919
1579863452.126597,ethernet,eth0-vip,0,0,0,0,0
1579863452.126597,ethernet,eth1,75537,80353,134297,164194,77732
1579863452.126597,ethernet,eth1-vip,0,0,0,0,0
1579863452.126597,ethernet,eth2,12,12,12,12,12
1579863452.126597,ethernet,eth3,0,0,0,0,0
1579864052.730594,ethernet,eth0,49937,68685,170553,127004,71148
1579864052.730594,ethernet,eth0-vip,0,0,0,0,0
1579864052.730594,ethernet,eth1,77028,82032,131726,163101,77763
1579864052.730594,ethernet,eth1-vip,0,0,0,0,0
1579864052.730594,ethernet,eth2,12,12,12,12,12
1579864052.730594,ethernet,eth3,0,0,0,0,0
1579864653.224673,ethernet,eth0,61400,63264,122933,126215,71148
1579864653.224673,ethernet,eth0-vip,0,0,0,0,0
1579864653.224673,ethernet,eth1,86916,83929,187989,161859,77763
1579864653.224673,ethernet,eth1-vip,0,0,0,0,0
1579864653.224673,ethernet,eth2,12,12,12,12,12
1579864653.224673,ethernet,eth3,0,0,0,0,0
1579865253.783073,ethernet,eth0,56655,67662,115686,127009,71148
1579865253.783073,ethernet,eth0-vip,0,0,0,0,0
1579865253.783073,ethernet,eth1,76951,79446,134861,161203,77763
1579865253.783073,ethernet,eth1-vip,0,0,0,0,0
1579865253.783073,ethernet,eth2,12,12,12,12,12
1579865253.783073,ethernet,eth3,0,0,0,0,0
1579865854.33061,ethernet,eth0,62018,57886,121243,127643,71148
1579865854.33061,ethernet,eth0-vip,0,0,0,0,0
1579865854.33061,ethernet,eth1,80154,81842,191488,152274,77763
1579865854.33061,ethernet,eth1-vip,0,0,0,0,0
1579865854.33061,ethernet,eth2,12,12,12,12,12
1579865854.33061,ethernet,eth3,0,0,0,0,0
1579866454.84594,ethernet,eth0,63929,62421,118048,127900,71148
1579866454.84594,ethernet,eth0-vip,0,0,0,0,0
1579866454.84594,ethernet,eth1,82286,77387,136430,161856,77763
1579866454.84594,ethernet,eth1-vip,0,0,0,0,0
1579866454.84594,ethernet,eth2,12,12,12,12,12
1579866454.84594,ethernet,eth3,0,0,0,0,0
1579867057.308714,ethernet,eth0,70655,65788,113797,127937,71148
1579867057.308714,ethernet,eth0-vip,0,0,0,0,0
1579867057.308714,ethernet,eth1,81696,80057,188318,152747,77763
1579867057.308714,ethernet,eth1-vip,0,0,0,0,0
1579867057.308714,ethernet,eth2,13,12,12,12,12
1579867057.308714,ethernet,eth3,0,0,0,0,0
1579867657.787834,ethernet,eth0,45129,599273,114884,118056,70084
1579867657.787834,ethernet,eth0-vip,0,0,0,0,0
1579867657.787834,ethernet,eth1,80403,80958,134252,161696,77756
1579867657.787834,ethernet,eth1-vip,0,0,0,0,0
1579867657.787834,ethernet,eth2,12,12,12,12,12
1579867657.787834,ethernet,eth3,0,0,0,0,0
1579868258.312503,ethernet,eth0,53805,60523,169681,126561,70084
1579868258.312503,ethernet,eth0-vip,0,0,0,0,0
1579868258.312503,ethernet,eth1,78888,79364,188151,153369,77756
1579868258.312503,ethernet,eth1-vip,0,0,0,0,0
1579868258.312503,ethernet,eth2,12,12,12,12,12
1579868258.312503,ethernet,eth3,0,0,0,0,0
1579868858.822429,ethernet,eth0,40683,50263,109283,125378,70084
1579868858.822429,ethernet,eth0-vip,0,0,0,0,0
1579868858.822429,ethernet,eth1,75814,78929,134214,162158,77756
1579868858.822429,ethernet,eth1-vip,0,0,0,0,0
1579868858.822429,ethernet,eth2,12,12,12,12,12
1579868858.822429,ethernet,eth3,0,0,0,0,0
1579869459.360884,ethernet,eth0,85934,65767,110168,124117,70084
1579869459.360884,ethernet,eth0-vip,0,0,0,0,0
1579869459.360884,ethernet,eth1,86238,83876,185987,162061,77756
1579869459.360884,ethernet,eth1-vip,0,0,0,0,0
1579869459.360884,ethernet,eth2,13,12,12,12,12
1579869459.360884,ethernet,eth3,0,0,0,0,0
1579870059.847432,ethernet,eth0,58796,62962,114908,122798,70084
1579870059.847432,ethernet,eth0-vip,0,0,0,0,0
1579870059.847432,ethernet,eth1,77523,81011,137755,161257,77756
1579870059.847432,ethernet,eth1-vip,0,0,0,0,0
1579870059.847432,ethernet,eth2,12,12,12,12,12
1579870059.847432,ethernet,eth3,0,0,0,0,0
1579870660.351861,ethernet,eth0,61138,52216,112636,122051,70084
1579870660.351861,ethernet,eth0-vip,0,0,0,0,0
1579870660.351861,ethernet,eth1,73589,609679,186679,161450,77756
1579870660.351861,ethernet,eth1-vip,0,0,0,0,0
1579870660.351861,ethernet,eth2,12,12,12,12,12
1579870660.351861,ethernet,eth3,0,0,0,0,0
1579871260.85822,ethernet,eth0,44018,49354,105953,121758,69064
1579871260.85822,ethernet,eth0-vip,0,0,0,0,0
1579871260.85822,ethernet,eth1,75920,74427,127248,161137,78231
1579871260.85822,ethernet,eth1-vip,0,0,0,0,0
1579871260.85822,ethernet,eth2,12,12,12,12,12
1579871260.85822,ethernet,eth3,0,0,0,0,0
1579871861.36591,ethernet,eth0,43562,47454,104021,111353,69064
1579871861.36591,ethernet,eth0-vip,0,0,0,0,0
1579871861.36591,ethernet,eth1,67058,67277,124638,159889,78231
1579871861.36591,ethernet,eth1-vip,0,0,0,0,0
1579871861.36591,ethernet,eth2,12,12,12,12,12
1579871861.36591,ethernet,eth3,0,0,0,0,0
1579872461.845407,ethernet,eth0,53462,52429,47819,109326,69064
1579872461.845407,ethernet,eth0-vip,0,0,0,0,0
1579872461.845407,ethernet,eth1,67728,67362,120008,149201,78231
1579872461.845407,ethernet,eth1-vip,0,0,0,0,0
1579872461.845407,ethernet,eth2,12,12,12,12,12
1579872461.845407,ethernet,eth3,0,0,0,0,0
1579873062.330234,ethernet,eth0,3299664,600433,112078,99378,69064
1579873062.330234,ethernet,eth0-vip,0,0,0,0,0
1579873062.330234,ethernet,eth1,63900,600114,121056,146862,78231
1579873062.330234,ethernet,eth1-vip,0,0,0,0,0
1579873062.330234,ethernet,eth2,12,12,12,12,12
1579873062.330234,ethernet,eth3,0,0,0,0,0
1579873662.857507,ethernet,eth0,60233,54330,107106,108458,69064
1579873662.857507,ethernet,eth0-vip,0,0,0,0,0
1579873662.857507,ethernet,eth1,64133,62374,170304,144819,78231
1579873662.857507,ethernet,eth1-vip,0,0,0,0,0
1579873662.857507,ethernet,eth2,12,12,12,12,12
1579873662.857507,ethernet,eth3,0,0,0,0,0
1579874263.31372,ethernet,eth0,46737,54428,110927,98146,69064
1579874263.31372,ethernet,eth0-vip,0,0,0,0,0
1579874263.31372,ethernet,eth1,55419,59418,116301,141385,78231
1579874263.31372,ethernet,eth1-vip,0,0,0,0,0
1579874263.31372,ethernet,eth2,12,12,12,12,12
1579874263.31372,ethernet,eth3,0,0,0,0,0
1579874863.806391,ethernet,eth0,37328,48388,102709,97978,69962
1579874863.806391,ethernet,eth0-vip,0,0,0,0,0
1579874863.806391,ethernet,eth1,53088,54089,110354,129647,79106
1579874863.806391,ethernet,eth1-vip,0,0,0,0,0
1579874863.806391,ethernet,eth2,12,12,12,12,12
1579874863.806391,ethernet,eth3,0,0,0,0,0
1579875464.301579,ethernet,eth0,27098,31235,93307,97374,69962
1579875464.301579,ethernet,eth0-vip,0,0,0,0,0
1579875464.301579,ethernet,eth1,42642,42486,101205,126787,79106
1579875464.301579,ethernet,eth1-vip,0,0,0,0,0
1579875464.301579,ethernet,eth2,12,12,12,12,12
1579875464.301579,ethernet,eth3,0,0,0,0,0
1579876064.785691,ethernet,eth0,27796,20993,28185,95430,69962
1579876064.785691,ethernet,eth0-vip,0,0,0,0,0
1579876064.785691,ethernet,eth1,33989,34161,38216,122791,79106
1579876064.785691,ethernet,eth1-vip,0,0,0,0,0
1579876064.785691,ethernet,eth2,12,12,12,12,12
1579876064.785691,ethernet,eth3,0,0,0,0,0
1579876665.232877,ethernet,eth0,30480,21551,79445,101003,69962
1579876665.232877,ethernet,eth0-vip,0,0,0,0,0
1579876665.232877,ethernet,eth1,30964,32959,90238,109030,79106
1579876665.232877,ethernet,eth1-vip,0,0,0,0,0
1579876665.232877,ethernet,eth2,12,12,12,12,12
1579876665.232877,ethernet,eth3,0,0,0,0,0
1579877265.860481,ethernet,eth0,20976,18455,21062,77302,69962
1579877265.860481,ethernet,eth0-vip,0,0,0,0,0
1579877265.860481,ethernet,eth1,31194,31514,31945,94965,79106
1579877265.860481,ethernet,eth1-vip,0,0,0,0,0
1579877265.860481,ethernet,eth2,12,12,12,12,12
1579877265.860481,ethernet,eth3,0,0,0,0,0
1579877866.327809,ethernet,eth0,36755,23958,74446,72064,69962
1579877866.327809,ethernet,eth0-vip,0,0,0,0,0
1579877866.327809,ethernet,eth1,33274,32405,87268,89997,79106
1579877866.327809,ethernet,eth1-vip,0,0,0,0,0
1579877866.327809,ethernet,eth2,12,12,12,12,12
1579877866.327809,ethernet,eth3,0,0,0,0,0
1579878466.817121,ethernet,eth0,11916,22234,19492,66006,70333
1579878466.817121,ethernet,eth0-vip,0,0,0,0,0
1579878466.817121,ethernet,eth1,32893,33328,87799,76105,79164
1579878466.817121,ethernet,eth1-vip,0,0,0,0,0
1579878466.817121,ethernet,eth2,12,12,12,12,12
1579878466.817121,ethernet,eth3,0,0,0,0,0
1579879067.300315,ethernet,eth0,17907,14534,17014,52205,70333
1579879067.300315,ethernet,eth0-vip,0,0,0,0,0
1579879067.300315,ethernet,eth1,32662,31034,32179,72435,79164
1579879067.300315,ethernet,eth1-vip,0,0,0,0,0
1579879067.300315,ethernet,eth2,12,12,12,12,12
1579879067.300315,ethernet,eth3,0,0,0,0,0
1579879667.781369,ethernet,eth0,14555,566562,67740,39629,70333
1579879667.781369,ethernet,eth0-vip,0,0,0,0,0
1579879667.781369,ethernet,eth1,29701,30217,85534,61097,79164
1579879667.781369,ethernet,eth1-vip,0,0,0,0,0
1579879667.781369,ethernet,eth2,12,12,12,12,12
1579879667.781369,ethernet,eth3,0,0,0,0,0
1579880268.281265,ethernet,eth0,9028,9558,12189,37221,70333
1579880268.281265,ethernet,eth0-vip,0,0,0,0,0
1579880268.281265,ethernet,eth1,29235,28650,30030,69090,79164
1579880268.281265,ethernet,eth1-vip,0,0,0,0,0
1579880268.281265,ethernet,eth2,12,12,12,12,12
1579880268.281265,ethernet,eth3,0,0,0,0,0
1579880868.737566,ethernet,eth0,14123,10960,10993,35136,70333
1579880868.737566,ethernet,eth0-vip,0,0,0,0,0
1579880868.737566,ethernet,eth1,30182,29555,84222,59068,79164
1579880868.737566,ethernet,eth1-vip,0,0,0,0,0
1579880868.737566,ethernet,eth2,13,12,12,12,12
1579880868.737566,ethernet,eth3,0,0,0,0,0
1579881469.203287,ethernet,eth0,9589,9409,11033,33473,70333
1579881469.203287,ethernet,eth0-vip,0,0,0,0,0
1579881469.203287,ethernet,eth1,26965,29210,29025,58659,79164
1579881469.203287,ethernet,eth1-vip,0,0,0,0,0
1579881469.203287,ethernet,eth2,12,12,12,12,12
1579881469.203287,ethernet,eth3,0,0,0,0,0
1579882069.719377,ethernet,eth0,13749,9962,10761,22880,67441
1579882069.719377,ethernet,eth0-vip,0,0,0,0,0
1579882069.719377,ethernet,eth1,29248,28621,83626,58073,77024
1579882069.719377,ethernet,eth1-vip,0,0,0,0,0
1579882069.719377,ethernet,eth2,12,12,12,12,12
1579882069.719377,ethernet,eth3,0,0,0,0,0
1579882670.182576,ethernet,eth0,9424,565889,66406,21486,67441
1579882670.182576,ethernet,eth0-vip,0,0,0,0,0
1579882670.182576,ethernet,eth1,27710,28608,29194,57371,77024
1579882670.182576,ethernet,eth1-vip,0,0,0,0,0
1579882670.182576,ethernet,eth2,12,12,12,12,12
1579882670.182576,ethernet,eth3,0,0,0,0,0
1579883270.660543,ethernet,eth0,14925,11516,10447,29783,67441
1579883270.660543,ethernet,eth0-vip,0,0,0,0,0
1579883270.660543,ethernet,eth1,30354,30637,84680,56900,77024
1579883270.660543,ethernet,eth1-vip,0,0,0,0,0
1579883270.660543,ethernet,eth2,12,12,12,12,12
1579883270.660543,ethernet,eth3,0,0,0,0,0
1579883871.180895,ethernet,eth0,8634,10505,11466,20300,67441
1579883871.180895,ethernet,eth0-vip,0,0,0,0,0
1579883871.180895,ethernet,eth1,29995,29479,31023,56795,77024
1579883871.180895,ethernet,eth1-vip,0,0,0,0,0
1579883871.180895,ethernet,eth2,12,12,12,12,12
1579883871.180895,ethernet,eth3,0,0,0,0,0
1579884471.638203,ethernet,eth0,12919,10069,10238,20170,67441
1579884471.638203,ethernet,eth0-vip,0,0,0,0,0
1579884471.638203,ethernet,eth1,29775,30584,85410,66126,77024
1579884471.638203,ethernet,eth1-vip,0,0,0,0,0
1579884471.638203,ethernet,eth2,12,12,12,12,12
1579884471.638203,ethernet,eth3,0,0,0,0,0
1579885072.139887,ethernet,eth0,9806,8973,10078,20052,67441
1579885072.139887,ethernet,eth0-vip,0,0,0,0,0
1579885072.139887,ethernet,eth1,31029,29579,85127,57180,77024
1579885072.139887,ethernet,eth1-vip,0,0,0,0,0
1579885072.139887,ethernet,eth2,12,12,12,12,12
1579885072.139887,ethernet,eth3,0,0,0,0,0
1579885672.705629,ethernet,eth0,6871,9121,9386,19908,63850
1579885672.705629,ethernet,eth0-vip,0,0,0,0,0
1579885672.705629,ethernet,eth1,27766,28022,28457,66535,74486
1579885672.705629,ethernet,eth1-vip,0,0,0,0,0
1579885672.705629,ethernet,eth2,12,12,12,12,12
1579885672.705629,ethernet,eth3,0,0,0,0,0
1579886273.232453,ethernet,eth0,16683,10862,65236,19654,63850
1579886273.232453,ethernet,eth0-vip,0,0,0,0,0
1579886273.232453,ethernet,eth1,28964,29067,84160,57301,74486
1579886273.232453,ethernet,eth1-vip,0,0,0,0,0
1579886273.232453,ethernet,eth2,12,12,12,12,12
1579886273.232453,ethernet,eth3,0,0,0,0,0
1579886873.703672,ethernet,eth0,8799,9437,8822,19493,63850
1579886873.703672,ethernet,eth0-vip,0,0,0,0,0
1579886873.703672,ethernet,eth1,27895,28782,28463,66473,74486
1579886873.703672,ethernet,eth1-vip,0,0,0,0,0
1579886873.703672,ethernet,eth2,12,12,12,12,12
1579886873.703672,ethernet,eth3,0,0,0,0,0
1579887474.164067,ethernet,eth0,6946,8479,9210,19160,63850
1579887474.164067,ethernet,eth0-vip,0,0,0,0,0
1579887474.164067,ethernet,eth1,26270,26757,83581,57077,74486
1579887474.164067,ethernet,eth1-vip,0,0,0,0,0
1579887474.164067,ethernet,eth2,12,12,12,12,12
1579887474.164067,ethernet,eth3,0,0,0,0,0
1579888074.63698,ethernet,eth0,7077,9095,9068,18799,63850
1579888074.63698,ethernet,eth0-vip,0,0,0,0,0
1579888074.63698,ethernet,eth1,28742,29377,28625,56670,74486
1579888074.63698,ethernet,eth1-vip,0,0,0,0,0
1579888074.63698,ethernet,eth2,12,12,12,12,12
1579888074.63698,ethernet,eth3,0,0,0,0,0
1579888675.103399,ethernet,eth0,9968,11328,8518,18603,63850
1579888675.103399,ethernet,eth0-vip,0,0,0,0,0
1579888675.103399,ethernet,eth1,29800,30425,83188,56370,74486
1579888675.103399,ethernet,eth1-vip,0,0,0,0,0
1579888675.103399,ethernet,eth2,12,12,12,12,12
1579888675.103399,ethernet,eth3,0,0,0,0,0
1579889275.590578,ethernet,eth0,12360,8193,9142,18388,60859
1579889275.590578,ethernet,eth0-vip,0,0,0,0,0
1579889275.590578,ethernet,eth1,26959,27179,28044,56096,71637
1579889275.590578,ethernet,eth1-vip,0,0,0,0,0
1579889275.590578,ethernet,eth2,12,12,12,12,12
1579889275.590578,ethernet,eth3,0,0,0,0,0
1579889876.117783,ethernet,eth0,6313,6786,64355,18346,60859
1579889876.117783,ethernet,eth0-vip,0,0,0,0,0
1579889876.117783,ethernet,eth1,25962,26731,81216,56001,71637
1579889876.117783,ethernet,eth1-vip,0,0,0,0,0
1579889876.117783,ethernet,eth2,12,12,12,12,12
1579889876.117783,ethernet,eth3,0,0,0,0,0
1579890476.588678,ethernet,eth0,8397,7430,8135,18107,60859
1579890476.588678,ethernet,eth0-vip,0,0,0,0,0
1579890476.588678,ethernet,eth1,25691,25666,26844,55497,71637
1579890476.588678,ethernet,eth1-vip,0,0,0,0,0
1579890476.588678,ethernet,eth2,12,12,12,12,12
1579890476.588678,ethernet,eth3,0,0,0,0,0
1579891077.047753,ethernet,eth0,6771,6897,9122,18048,60859
1579891077.047753,ethernet,eth0-vip,0,0,0,0,0
1579891077.047753,ethernet,eth1,24191,25012,81672,55215,71637
1579891077.047753,ethernet,eth1-vip,0,0,0,0,0
1579891077.047753,ethernet,eth2,12,12,12,12,12
1579891077.047753,ethernet,eth3,0,0,0,0,0
1579891677.546396,ethernet,eth0,8310,6964,8928,18032,60859
1579891677.546396,ethernet,eth0-vip,0,0,0,0,0
1579891677.546396,ethernet,eth1,24089,24517,26437,54906,71637
1579891677.546396,ethernet,eth1-vip,0,0,0,0,0
1579891677.546396,ethernet,eth2,12,12,12,12,12
1579891677.546396,ethernet,eth3,0,0,0,0,0
1579892278.01611,ethernet,eth0,6266,12187,8378,18013,60859
1579892278.01611,ethernet,eth0-vip,0,0,0,0,0
1579892278.01611,ethernet,eth1,23844,25541,24464,54499,71637
1579892278.01611,ethernet,eth1-vip,0,0,0,0,0
1579892278.01611,ethernet,eth2,12,12,12,12,12
1579892278.01611,ethernet,eth3,0,0,0,0,0
1579892878.496713,ethernet,eth0,7690,7821,8755,18007,59873
1579892878.496713,ethernet,eth0-vip,0,0,0,0,0
1579892878.496713,ethernet,eth1,23502,23817,80527,44696,70351
1579892878.496713,ethernet,eth1-vip,0,0,0,0,0
1579892878.496713,ethernet,eth2,12,12,12,12,12
1579892878.496713,ethernet,eth3,0,0,0,0,0
1579893478.966153,ethernet,eth0,10403,8156,8318,8614,59873
1579893478.966153,ethernet,eth0-vip,0,0,0,0,0
1579893478.966153,ethernet,eth1,25302,25216,25512,44190,70351
1579893478.966153,ethernet,eth1-vip,0,0,0,0,0
1579893478.966153,ethernet,eth2,13,12,12,12,12
1579893478.966153,ethernet,eth3,0,0,0,0,0
1579894079.438062,ethernet,eth0,8087,9327,64065,17928,59873
1579894079.438062,ethernet,eth0-vip,0,0,0,0,0
1579894079.438062,ethernet,eth1,24750,25683,80417,53137,70351
1579894079.438062,ethernet,eth1-vip,0,0,0,0,0
1579894079.438062,ethernet,eth2,12,12,12,12,12
1579894079.438062,ethernet,eth3,0,0,0,0,0
1579894679.889888,ethernet,eth0,6944,8048,8349,17809,59873
1579894679.889888,ethernet,eth0-vip,0,0,0,0,0
1579894679.889888,ethernet,eth1,23418,23825,24833,43674,70351
1579894679.889888,ethernet,eth1-vip,0,0,0,0,0
1579894679.889888,ethernet,eth2,12,12,12,12,12
1579894679.889888,ethernet,eth3,0,0,0,0,0
1579895280.568623,ethernet,eth0,5842,6306,7915,17634,59873
1579895280.568623,ethernet,eth0-vip,0,0,0,0,0
1579895280.568623,ethernet,eth1,23917,23359,78722,52396,70351
1579895280.568623,ethernet,eth1-vip,0,0,0,0,0
1579895280.568623,ethernet,eth2,12,12,12,12,12
1579895280.568623,ethernet,eth3,0,0,0,0,0
1579895881.062928,ethernet,eth0,6650,6713,7139,17372,59342
1579895881.062928,ethernet,eth0-vip,0,0,0,0,0
1579895881.062928,ethernet,eth1,23422,22409,23088,52150,70806
1579895881.062928,ethernet,eth1-vip,0,0,0,0,0
1579895881.062928,ethernet,eth2,12,12,12,12,12
1579895881.062928,ethernet,eth3,0,0,0,0,0
1579896481.523225,ethernet,eth0,4999,5765,7192,17163,59342
1579896481.523225,ethernet,eth0-vip,0,0,0,0,0
1579896481.523225,ethernet,eth1,21532,573384,76838,51568,70806
1579896481.523225,ethernet,eth1-vip,0,0,0,0,0
1579896481.523225,ethernet,eth2,11,12,12,12,12
1579896481.523225,ethernet,eth3,0,0,0,0,0
1579897081.972094,ethernet,eth0,6212,6383,6731,16899,59342
1579897081.972094,ethernet,eth0-vip,0,0,0,0,0
1579897081.972094,ethernet,eth1,20720,20777,20937,50806,70806
1579897081.972094,ethernet,eth1-vip,0,0,0,0,0
1579897081.972094,ethernet,eth2,12,12,12,12,12
1579897081.972094,ethernet,eth3,0,0,0,0,0
1579897682.485162,ethernet,eth0,6481,6478,6325,7275,59342
1579897682.485162,ethernet,eth0-vip,0,0,0,0,0
1579897682.485162,ethernet,eth1,20707,20198,19734,40692,70806
1579897682.485162,ethernet,eth1-vip,0,0,0,0,0
1579897682.485162,ethernet,eth2,13,12,12,12,12
1579897682.485162,ethernet,eth3,0,0,0,0,0
1579898282.970358,ethernet,eth0,5999,7522,63036,16390,59342
1579898282.970358,ethernet,eth0-vip,0,0,0,0,0
1579898282.970358,ethernet,eth1,20106,20313,75643,49161,70806
1579898282.970358,ethernet,eth1-vip,0,0,0,0,0
1579898282.970358,ethernet,eth2,12,12,12,12,12
1579898282.970358,ethernet,eth3,0,0,0,0,0
1579898883.443904,ethernet,eth0,6120,7207,8238,16443,59342
1579898883.443904,ethernet,eth0-vip,0,0,0,0,0
1579898883.443904,ethernet,eth1,22297,20047,19759,39333,70806
1579898883.443904,ethernet,eth1-vip,0,0,0,0,0
1579898883.443904,ethernet,eth2,12,12,12,12,12
1579898883.443904,ethernet,eth3,0,0,0,0,0
1579899483.922519,ethernet,eth0,10779,7091,7759,16547,59261
1579899483.922519,ethernet,eth0-vip,0,0,0,0,0
1579899483.922519,ethernet,eth1,17789,17862,18868,38630,70957
1579899483.922519,ethernet,eth1-vip,0,0,0,0,0
1579899483.922519,ethernet,eth2,12,12,12,12,12
1579899483.922519,ethernet,eth3,0,0,0,0,0
1579900084.378556,ethernet,eth0,14433,11807,13336,17571,59261
1579900084.378556,ethernet,eth0-vip,0,0,0,0,0
1579900084.378556,ethernet,eth1,19056,18142,74180,38187,70957
1579900084.378556,ethernet,eth1-vip,0,0,0,0,0
1579900084.378556,ethernet,eth2,12,12,12,12,12
1579900084.378556,ethernet,eth3,0,0,0,0,0
1579900684.844276,ethernet,eth0,9683,13941,15778,19079,59261
1579900684.844276,ethernet,eth0-vip,0,0,0,0,0
1579900684.844276,ethernet,eth1,17035,16962,17843,37671,70957
1579900684.844276,ethernet,eth1-vip,0,0,0,0,0
1579900684.844276,ethernet,eth2,13,13,12,12,12
1579900684.844276,ethernet,eth3,0,0,0,0,0
1579901285.285835,ethernet,eth0,21418,16048,70056,29700,59261
1579901285.285835,ethernet,eth0-vip,0,0,0,0,0
1579901285.285835,ethernet,eth1,17579,16546,17143,37240,70957
1579901285.285835,ethernet,eth1-vip,0,0,0,0,0
1579901285.285835,ethernet,eth2,12,12,12,12,12
1579901285.285835,ethernet,eth3,0,0,0,0,0
1579901887.192757,ethernet,eth0,7026,10711,10612,20963,59261
1579901887.192757,ethernet,eth0-vip,0,0,0,0,0
1579901887.192757,ethernet,eth1,15225,15469,72054,36641,70957
1579901887.192757,ethernet,eth1-vip,0,0,0,0,0
1579901887.192757,ethernet,eth2,12,12,12,12,12
1579901887.192757,ethernet,eth3,0,0,0,0,0
1579902487.653852,ethernet,eth0,13557,12607,12648,21698,59261
1579902487.653852,ethernet,eth0-vip,0,0,0,0,0
1579902487.653852,ethernet,eth1,15993,15596,16670,36126,70957
1579902487.653852,ethernet,eth1-vip,0,0,0,0,0
1579902487.653852,ethernet,eth2,12,12,12,12,12
1579902487.653852,ethernet,eth3,0,0,0,0,0
1579903088.122769,ethernet,eth0,13556,15141,12226,22443,59230
1579903088.122769,ethernet,eth0-vip,0,0,0,0,0
1579903088.122769,ethernet,eth1,16732,16383,16363,35709,71053
1579903088.122769,ethernet,eth1-vip,0,0,0,0,0
1579903088.122769,ethernet,eth2,12,12,12,12,12
1579903088.122769,ethernet,eth3,0,0,0,0,0
1579903688.551605,ethernet,eth0,10010,14974,12329,22275,59230
1579903688.551605,ethernet,eth0-vip,0,0,0,0,0
1579903688.551605,ethernet,eth1,15655,16242,16499,26095,71053
1579903688.551605,ethernet,eth1-vip,0,0,0,0,0
1579903688.551605,ethernet,eth2,13,12,12,12,12
1579903688.551605,ethernet,eth3,0,0,0,0,0
1579904289.029154,ethernet,eth0,14322,15147,71167,31506,59230
1579904289.029154,ethernet,eth0-vip,0,0,0,0,0
1579904289.029154,ethernet,eth1,16278,16563,71348,35013,71053
1579904289.029154,ethernet,eth1-vip,0,0,0,0,0
1579904289.029154,ethernet,eth2,12,12,12,12,12
1579904289.029154,ethernet,eth3,0,0,0,0,0
1579904889.49371,ethernet,eth0,5159,4736,12234,21869,59230
1579904889.49371,ethernet,eth0-vip,0,0,0,0,0
1579904889.49371,ethernet,eth1,16606,15362,15570,34750,71053
1579904889.49371,ethernet,eth1-vip,0,0,0,0,0
1579904889.49371,ethernet,eth2,13,13,12,12,12
1579904889.49371,ethernet,eth3,0,0,0,0,0
1579905489.959963,ethernet,eth0,7258,6401,6434,21173,59230
1579905489.959963,ethernet,eth0-vip,0,0,0,0,0
1579905489.959963,ethernet,eth1,15329,14976,15650,25350,71053
1579905489.959963,ethernet,eth1-vip,0,0,0,0,0
1579905489.959963,ethernet,eth2,12,12,12,12,12
1579905489.959963,ethernet,eth3,0,0,0,0,0
1579906090.415414,ethernet,eth0,6248,5598,7074,20244,59230
1579906090.415414,ethernet,eth0-vip,0,0,0,0,0
1579906090.415414,ethernet,eth1,17715,15976,70481,34318,71053
1579906090.415414,ethernet,eth1-vip,0,0,0,0,0
1579906090.415414,ethernet,eth2,12,12,12,12,12
1579906090.415414,ethernet,eth3,0,0,0,0,0
1579906690.92495,ethernet,eth0,5760,5971,5893,19188,59330
1579906690.92495,ethernet,eth0-vip,0,0,0,0,0
1579906690.92495,ethernet,eth1,15966,15101,15282,34138,71581
1579906690.92495,ethernet,eth1-vip,0,0,0,0,0
1579906690.92495,ethernet,eth2,12,12,12,12,12
1579906690.92495,ethernet,eth3,0,0,0,0,0
1579907291.422527,ethernet,eth0,6480,5978,6877,18280,59330
1579907291.422527,ethernet,eth0-vip,0,0,0,0,0
1579907291.422527,ethernet,eth1,23332,22100,20655,34831,71581
1579907291.422527,ethernet,eth1-vip,0,0,0,0,0
1579907291.422527,ethernet,eth2,12,12,12,12,12
1579907291.422527,ethernet,eth3,0,0,0,0,0
1579907891.923809,ethernet,eth0,7901,13893,64717,17205,59330
1579907891.923809,ethernet,eth0-vip,0,0,0,0,0
1579907891.923809,ethernet,eth1,27533,25838,80520,36359,71581
1579907891.923809,ethernet,eth1-vip,0,0,0,0,0
1579907891.923809,ethernet,eth2,12,12,12,12,12
1579907891.923809,ethernet,eth3,0,0,0,0,0
1579908492.409396,ethernet,eth0,11838,13966,11461,17076,59330
1579908492.409396,ethernet,eth0-vip,0,0,0,0,0
1579908492.409396,ethernet,eth1,23979,22410,22533,37520,71581
1579908492.409396,ethernet,eth1-vip,0,0,0,0,0
1579908492.409396,ethernet,eth2,12,12,12,12,12
1579908492.409396,ethernet,eth3,0,0,0,0,0
1579909092.897972,ethernet,eth0,9999,9739,8816,17473,59330
1579909092.897972,ethernet,eth0-vip,0,0,0,0,0
1579909092.897972,ethernet,eth1,20865,18413,20542,38335,71581
1579909092.897972,ethernet,eth1-vip,0,0,0,0,0
1579909092.897972,ethernet,eth2,12,12,12,12,12
1579909092.897972,ethernet,eth3,0,0,0,0,0
1579909693.4165,ethernet,eth0,3660,6876,9218,17830,59330
1579909693.4165,ethernet,eth0-vip,0,0,0,0,0
1579909693.4165,ethernet,eth1,16157,15497,72878,38735,71581
1579909693.4165,ethernet,eth1-vip,0,0,0,0,0
1579909693.4165,ethernet,eth2,12,12,12,12,12
1579909693.4165,ethernet,eth3,0,0,0,0,0
1579910293.904864,ethernet,eth0,8817,7035,7900,18165,59917
1579910293.904864,ethernet,eth0-vip,0,0,0,0,0
1579910293.904864,ethernet,eth1,14675,12955,14171,38550,72403
1579910293.904864,ethernet,eth1-vip,0,0,0,0,0
1579910293.904864,ethernet,eth2,12,12,12,12,12
1579910293.904864,ethernet,eth3,0,0,0,0,0
1579910894.365109,ethernet,eth0,3339,5680,7788,18317,59917
1579910894.365109,ethernet,eth0-vip,0,0,0,0,0
1579910894.365109,ethernet,eth1,12609,11744,12926,37262,72403
1579910894.365109,ethernet,eth1-vip,0,0,0,0,0
1579910894.365109,ethernet,eth2,12,12,12,12,12
1579910894.365109,ethernet,eth3,0,0,0,0,0
1579911494.812137,ethernet,eth0,4014,7230,63052,18039,59917
1579911494.812137,ethernet,eth0-vip,0,0,0,0,0
1579911494.812137,ethernet,eth1,12214,10850,11496,25758,72403
1579911494.812137,ethernet,eth1-vip,0,0,0,0,0
1579911494.812137,ethernet,eth2,12,12,12,12,12
1579911494.812137,ethernet,eth3,0,0,0,0,0
1579912095.299502,ethernet,eth0,10002,9495,7556,17388,59917
1579912095.299502,ethernet,eth0-vip,0,0,0,0,0
1579912095.299502,ethernet,eth1,11460,10936,66461,33079,72403
1579912095.299502,ethernet,eth1-vip,0,0,0,0,0
1579912095.299502,ethernet,eth2,12,12,12,12,12
1579912095.299502,ethernet,eth3,0,0,0,0,0
1579912695.759039,ethernet,eth0,7795,9015,7502,17169,59917
1579912695.759039,ethernet,eth0-vip,0,0,0,0,0
1579912695.759039,ethernet,eth1,10107,9371,10236,31361,72403
1579912695.759039,ethernet,eth1-vip,0,0,0,0,0
1579912695.759039,ethernet,eth2,12,12,12,12,12
1579912695.759039,ethernet,eth3,0,0,0,0,0
1579913296.2505,ethernet,eth0,3197,7198,7120,16819,59917
1579913296.2505,ethernet,eth0-vip,0,0,0,0,0
1579913296.2505,ethernet,eth1,9749,8439,9031,20720,72403
1579913296.2505,ethernet,eth1-vip,0,0,0,0,0
1579913296.2505,ethernet,eth2,13,12,12,12,12
1579913296.2505,ethernet,eth3,0,0,0,0,0
1579913896.753185,ethernet,eth0,8695,6069,7115,16688,60083
1579913896.753185,ethernet,eth0-vip,0,0,0,0,0
1579913896.753185,ethernet,eth1,9065,9145,8680,19805,72510
1579913896.753185,ethernet,eth1-vip,0,0,0,0,0
1579913896.753185,ethernet,eth2,12,12,12,12,12
1579913896.753185,ethernet,eth3,0,0,0,0,0
1579914497.259728,ethernet,eth0,8571,6430,7150,16582,60083
1579914497.259728,ethernet,eth0-vip,0,0,0,0,0
1579914497.259728,ethernet,eth1,8617,8192,8151,19009,72510
1579914497.259728,ethernet,eth1-vip,0,0,0,0,0
1579914497.259728,ethernet,eth2,12,12,12,12,12
1579914497.259728,ethernet,eth3,0,0,0,0,0
1579915097.74945,ethernet,eth0,8066,6652,7273,7286,60083
1579915097.74945,ethernet,eth0-vip,0,0,0,0,0
1579915097.74945,ethernet,eth1,8534,7041,7811,18395,72510
1579915097.74945,ethernet,eth1-vip,0,0,0,0,0
1579915097.74945,ethernet,eth2,12,12,12,12,12
1579915097.74945,ethernet,eth3,0,0,0,0,0
1579915698.233844,ethernet,eth0,14691,8131,7008,7195,60083
1579915698.233844,ethernet,eth0-vip,0,0,0,0,0
1579915698.233844,ethernet,eth1,12330,11812,64328,18039,72510
1579915698.233844,ethernet,eth1-vip,0,0,0,0,0
1579915698.233844,ethernet,eth2,13,12,12,12,12
1579915698.233844,ethernet,eth3,0,0,0,0,0
1579916298.747814,ethernet,eth0,13489,9161,62495,16360,60083
1579916298.747814,ethernet,eth0-vip,0,0,0,0,0
1579916298.747814,ethernet,eth1,12367,10927,11718,18286,72510
1579916298.747814,ethernet,eth1-vip,0,0,0,0,0
1579916298.747814,ethernet,eth2,12,12,12,12,12
1579916298.747814,ethernet,eth3,0,0,0,0,0
1579916899.22488,ethernet,eth0,14219,7590,7478,16417,60083
1579916899.22488,ethernet,eth0-vip,0,0,0,0,0
1579916899.22488,ethernet,eth1,12762,11117,10645,18553,72510
1579916899.22488,ethernet,eth1-vip,0,0,0,0,0
1579916899.22488,ethernet,eth2,12,12,12,12,12
1579916899.22488,ethernet,eth3,0,0,0,0,0
1579917499.708616,ethernet,eth0,8763,5568,7472,16477,60622
1579917499.708616,ethernet,eth0-vip,0,0,0,0,0
1579917499.708616,ethernet,eth1,12097,10377,10726,18894,72525
1579917499.708616,ethernet,eth1-vip,0,0,0,0,0
1579917499.708616,ethernet,eth2,12,12,12,12,12
1579917499.708616,ethernet,eth3,0,0,0,0,0
1579918100.18297,ethernet,eth0,8498,8401,7468,16530,60622
1579918100.18297,ethernet,eth0-vip,0,0,0,0,0
1579918100.18297,ethernet,eth1,9862,10097,10490,19284,72525
1579918100.18297,ethernet,eth1-vip,0,0,0,0,0
1579918100.18297,ethernet,eth2,13,12,12,12,12
1579918100.18297,ethernet,eth3,0,0,0,0,0
1579918700.725497,ethernet,eth0,2574,2480,4088,15999,60622
1579918700.725497,ethernet,eth0-vip,0,0,0,0,0
1579918700.725497,ethernet,eth1,8629,564678,64555,28739,72525
1579918700.725497,ethernet,eth1-vip,0,0,0,0,0
1579918700.725497,ethernet,eth2,12,12,12,12,12
1579918700.725497,ethernet,eth3,0,0,0,0,0
1579919301.218264,ethernet,eth0,3413,4385,2659,15275,60622
1579919301.218264,ethernet,eth0-vip,0,0,0,0,0
1579919301.218264,ethernet,eth1,8990,8354,8130,19375,72525
1579919301.218264,ethernet,eth1-vip,0,0,0,0,0
1579919301.218264,ethernet,eth2,12,12,12,12,12
1579919301.218264,ethernet,eth3,0,0,0,0,0
1579919901.720968,ethernet,eth0,2115,2754,3486,5442,60622
1579919901.720968,ethernet,eth0-vip,0,0,0,0,0
1579919901.720968,ethernet,eth1,8182,8024,7934,18744,72525
1579919901.720968,ethernet,eth1-vip,0,0,0,0,0
1579919901.720968,ethernet,eth2,12,12,12,12,12
1579919901.720968,ethernet,eth3,0,0,0,0,0
1579920502.21996,ethernet,eth0,2189,2214,5046,5037,60622
1579920502.21996,ethernet,eth0-vip,0,0,0,0,0
1579920502.21996,ethernet,eth1,7958,8306,7723,18260,72525
1579920502.21996,ethernet,eth1-vip,0,0,0,0,0
1579920502.21996,ethernet,eth2,13,12,12,12,12
1579920502.21996,ethernet,eth3,0,0,0,0,0
1579921102.727383,ethernet,eth0,2542,2600,2399,4191,60159
1579921102.727383,ethernet,eth0-vip,0,0,0,0,0
1579921102.727383,ethernet,eth1,8515,7559,7570,17734,72597
1579921102.727383,ethernet,eth1-vip,0,0,0,0,0
1579921102.727383,ethernet,eth2,13,12,12,12,12
1579921102.727383,ethernet,eth3,0,0,0,0,0
1579921703.181978,ethernet,eth0,3210,2698,3540,3536,60159
1579921703.181978,ethernet,eth0-vip,0,0,0,0,0
1579921703.181978,ethernet,eth1,7611,7565,7389,17217,72597
1579921703.181978,ethernet,eth1-vip,0,0,0,0,0
1579921703.181978,ethernet,eth2,13,12,12,12,12
1579921703.181978,ethernet,eth3,0,0,0,0,0
1579922303.68008,ethernet,eth0,2060,3418,2657,3298,60159
1579922303.68008,ethernet,eth0-vip,0,0,0,0,0
1579922303.68008,ethernet,eth1,6560,5777,7075,7637,72597
1579922303.68008,ethernet,eth1-vip,0,0,0,0,0
1579922303.68008,ethernet,eth2,12,12,12,12,12
1579922303.68008,ethernet,eth3,0,0,0,0,0
1579922904.145889,ethernet,eth0,2008,1969,2829,3326,60159
1579922904.145889,ethernet,eth0-vip,0,0,0,0,0
1579922904.145889,ethernet,eth1,5827,5792,5816,7251,72597
1579922904.145889,ethernet,eth1-vip,0,0,0,0,0
1579922904.145889,ethernet,eth2,12,12,12,12,12
1579922904.145889,ethernet,eth3,0,0,0,0,0
1579923504.626027,ethernet,eth0,1961,1930,58745,12536,60159
1579923504.626027,ethernet,eth0-vip,0,0,0,0,0
1579923504.626027,ethernet,eth1,9049,5056,61506,16180,72597
1579923504.626027,ethernet,eth1-vip,0,0,0,0,0
1579923504.626027,ethernet,eth2,12,12,12,12,12
1579923504.626027,ethernet,eth3,0,0,0,0,0
1579924105.070726,ethernet,eth0,1822,1976,2247,12070,60159
1579924105.070726,ethernet,eth0-vip,0,0,0,0,0
1579924105.070726,ethernet,eth1,4422,4160,4267,15604,72597
1579924105.070726,ethernet,eth1-vip,0,0,0,0,0
1579924105.070726,ethernet,eth2,12,12,12,12,12
1579924105.070726,ethernet,eth3,0,0,0,0,0
1579924705.510825,ethernet,eth0,3895,3416,2215,12039,60385
1579924705.510825,ethernet,eth0-vip,0,0,0,0,0
1579924705.510825,ethernet,eth1,4888,4490,4210,15044,73039
1579924705.510825,ethernet,eth1-vip,0,0,0,0,0
1579924705.510825,ethernet,eth2,12,12,12,12,12
1579924705.510825,ethernet,eth3,0,0,0,0,0
1579925305.993455,ethernet,eth0,1281,2005,3080,11962,60385
1579925305.993455,ethernet,eth0-vip,0,0,0,0,0
1579925305.993455,ethernet,eth1,4647,4511,4431,14551,73039
1579925305.993455,ethernet,eth1-vip,0,0,0,0,0
1579925305.993455,ethernet,eth2,12,12,12,12,12
1579925305.993455,ethernet,eth3,0,0,0,0,0
1579925906.471435,ethernet,eth0,2992,3363,2945,12010,60385
1579925906.471435,ethernet,eth0-vip,0,0,0,0,0
1579925906.471435,ethernet,eth1,5260,4858,4506,14123,73039
1579925906.471435,ethernet,eth1-vip,0,0,0,0,0
1579925906.471435,ethernet,eth2,12,12,12,12,12
1579925906.471435,ethernet,eth3,0,0,0,0,0
1579926506.930067,ethernet,eth0,6598,4845,4257,12248,60385
1579926506.930067,ethernet,eth0-vip,0,0,0,0,0
1579926506.930067,ethernet,eth1,5094,4886,4705,13937,73039
1579926506.930067,ethernet,eth1-vip,0,0,0,0,0
1579926506.930067,ethernet,eth2,13,12,12,12,12
1579926506.930067,ethernet,eth3,0,0,0,0,0
1579927107.404609,ethernet,eth0,7106,4763,6327,3512,60385
1579927107.404609,ethernet,eth0-vip,0,0,0,0,0
1579927107.404609,ethernet,eth1,5125,4963,5315,4572,73039
1579927107.404609,ethernet,eth1-vip,0,0,0,0,0
1579927107.404609,ethernet,eth2,12,12,12,12,12
1579927107.404609,ethernet,eth3,0,0,0,0,0
1579927709.660163,ethernet,eth0,7798,5560,6541,4227,60385
1579927709.660163,ethernet,eth0-vip,0,0,0,0,0
1579927709.660163,ethernet,eth1,5875,5672,5156,4720,73039
1579927709.660163,ethernet,eth1-vip,0,0,0,0,0
1579927709.660163,ethernet,eth2,12,12,12,12,12
1579927709.660163,ethernet,eth3,0,0,0,0,0
1579928310.143625,ethernet,eth0,2462,9612,7340,5082,60053
1579928310.143625,ethernet,eth0-vip,0,0,0,0,0
1579928310.143625,ethernet,eth1,6883,5774,5400,4919,72634
1579928310.143625,ethernet,eth1-vip,0,0,0,0,0
1579928310.143625,ethernet,eth2,12,12,12,12,12
1579928310.143625,ethernet,eth3,0,0,0,0,0
1579928910.624647,ethernet,eth0,8521,5415,6890,5717,60053
1579928910.624647,ethernet,eth0-vip,0,0,0,0,0
1579928910.624647,ethernet,eth1,6599,6514,5948,5172,72634
1579928910.624647,ethernet,eth1-vip,0,0,0,0,0
1579928910.624647,ethernet,eth2,12,12,12,12,12
1579928910.624647,ethernet,eth3,0,0,0,0,0
