"Series";"Time";"Value"
"DP1";"2019-10-20T14:00:00+02:00";null
"DP1";"2019-10-20T17:00:00+02:00";null
"DP1";"2019-10-20T20:00:00+02:00";null
"DP1";"2019-10-20T23:00:00+02:00";null
"DP1";"2019-10-21T02:00:00+02:00";419.94864117918013
"DP1";"2019-10-21T05:00:00+02:00";444.92350427350425
"DP1";"2019-10-21T08:00:00+02:00";2986.0153846153844
"DP1";"2019-10-21T11:00:00+02:00";2463.4444444444443
"DP1";"2019-10-21T14:00:00+02:00";1591.8004273504273
"DP1";"2019-10-21T17:00:00+02:00";999.759829059829
"DP1";"2019-10-21T20:00:00+02:00";579.9820512820513
"DP1";"2019-10-21T23:00:00+02:00";382.30410607356714
"DP1";"2019-10-22T02:00:00+02:00";406.793665158371
"DP1";"2019-10-22T05:00:00+02:00";450.89786324786326
"DP1";"2019-10-22T08:00:00+02:00";2814.7530918727916
"DP1";"2019-10-22T11:00:00+02:00";2380.367948717949
"DP1";"2019-10-22T14:00:00+02:00";1413.8786324786324
"DP1";"2019-10-22T17:00:00+02:00";858.5474358974359
"DP1";"2019-10-22T20:00:00+02:00";410.9739093242087
"DP1";"2019-10-22T23:00:00+02:00";456.76324786324784
"DP1";"2019-10-23T02:00:00+02:00";276.96446243814665
"DP1";"2019-10-23T05:00:00+02:00";343.7062847370671
"DP1";"2019-10-23T08:00:00+02:00";2984.6119467125054
"DP1";"2019-10-23T11:00:00+02:00";2332.1795970852977
"DP1";"2019-10-23T14:00:00+02:00";1380.7179487179487
"DP1";"2019-10-23T17:00:00+02:00";829.9811965811966
"DP1";"2019-10-23T20:00:00+02:00";584.5464862505456
"DP1";"2019-10-23T23:00:00+02:00";539.8122045552213
"DP1";"2019-10-24T02:00:00+02:00";311.56760630673676
"DP1";"2019-10-24T05:00:00+02:00";569.4456335616438
"DP1";"2019-10-24T08:00:00+02:00";2936.258547008547
"DP1";"2019-10-24T11:00:00+02:00";2644.541452991453
"DP1";"2019-10-24T14:00:00+02:00";1575.7384615384615
"DP1";"2019-10-24T17:00:00+02:00";1861.6286324786324
"DP1";"2019-10-24T20:00:00+02:00";651.4739093242088
"DP1";"2019-10-24T23:00:00+02:00";485.8559829059829
"DP1";"2019-10-25T02:00:00+02:00";570.7937062937064
"DP1";"2019-10-25T05:00:00+02:00";882.6679487179487
"DP1";"2019-10-25T08:00:00+02:00";6573.935042735043
"DP1";"2019-10-25T11:00:00+02:00";6262.38547008547
"DP1";"2019-10-25T14:00:00+02:00";3285.6478632478634
"DP1";"2019-10-25T17:00:00+02:00";1308.5858974358973
"DP1";"2019-10-25T20:00:00+02:00";531.3764957264957
"DP1";"2019-10-25T23:00:00+02:00";459.1200854700855
"DP1";"2019-10-26T02:00:00+02:00";380.49332105020727
"DP1";"2019-10-26T05:00:00+02:00";257.4273984442524
"DP1";"2019-10-26T08:00:00+02:00";628.7183760683761
"DP1";"2019-10-26T11:00:00+02:00";667.6521367521367
"DP1";"2019-10-26T14:00:00+02:00";553.5606837606838
"DP1";"2019-10-26T17:00:00+02:00";525.0705128205128
"DP1";"2019-10-26T20:00:00+02:00";478.6767502160761
"DP1";"2019-10-26T23:00:00+02:00";462.46239316239314
"DP1";"2019-10-27T02:00:00+02:00";327.88034188034186
"DP1";"2019-10-27T04:00:00+01:00";300.60832745236416
"DP1";"2019-10-27T07:00:00+01:00";596.9707196029776
"DP1";"2019-10-27T10:00:00+01:00";646.4465811965812
"DP1";"2019-10-27T13:00:00+01:00";531.6893162393162
"DP1";"2019-10-27T16:00:00+01:00";552.591452991453
"DP1";"2019-10-27T19:00:00+01:00";733.9401709401709
"DP1";"2019-10-27T22:00:00+01:00";522.7068376068376
"DP1";"2019-10-28T01:00:00+01:00";473.3854700854701
"DP1";"2019-10-28T04:00:00+01:00";345.4388001935172
"DP1";"2019-10-28T07:00:00+01:00";3732.8213675213674
"DP1";"2019-10-28T10:00:00+01:00";5452.402564102564
"DP1";"2019-10-28T13:00:00+01:00";4882.362820512821
"DP1";"2019-10-28T16:00:00+01:00";2637.153418803419
"DP1";"2019-10-28T19:00:00+01:00";1229.5299145299145
"DP1";"2019-10-28T22:00:00+01:00";1020.1260683760684
"DP1";"2019-10-29T01:00:00+01:00";810.1538461538462
"DP1";"2019-10-29T04:00:00+01:00";772.409488714878
"DP1";"2019-10-29T07:00:00+01:00";5647.455517536356
"DP1";"2019-10-29T10:00:00+01:00";6074.189316239316
"DP1";"2019-10-29T13:00:00+01:00";2805.013675213675
"DP1";"2019-10-29T16:00:00+01:00";1612.1615384615384
"DP1";"2019-10-29T19:00:00+01:00";890.3768177929854
"DP1";"2019-10-29T22:00:00+01:00";660.7974358974359
"DP1";"2019-10-30T01:00:00+01:00";536.2713675213676
"DP1";"2019-10-30T04:00:00+01:00";385.4983682983683
"DP1";"2019-10-30T07:00:00+01:00";4386.790170940171
"DP1";"2019-10-30T10:00:00+01:00";5240.360256410257
"DP1";"2019-10-30T13:00:00+01:00";3046.258547008547
"DP1";"2019-10-30T16:00:00+01:00";1415.6209401709402
"DP1";"2019-10-30T19:00:00+01:00";790.408547008547
"DP1";"2019-10-30T22:00:00+01:00";614.2324978392394
"DP1";"2019-10-31T01:00:00+01:00";445.7358974358974
"DP1";"2019-10-31T04:00:00+01:00";343.3798076923077
"DP1";"2019-10-31T07:00:00+01:00";2711.019230769231
"DP1";"2019-10-31T10:00:00+01:00";3624.7303418803417
"DP1";"2019-10-31T13:00:00+01:00";2386.5209401709403
"DP1";"2019-10-31T16:00:00+01:00";2342.5010743446496
"DP1";"2019-10-31T19:00:00+01:00";800.5021367521367
"DP1";"2019-10-31T22:00:00+01:00";603.8158119658119
"DP1";"2019-11-01T01:00:00+01:00";582.0705128205128
"DP1";"2019-11-01T04:00:00+01:00";477.5044378698225
"DP1";"2019-11-01T07:00:00+01:00";1032.0294871794872
"DP1";"2019-11-01T10:00:00+01:00";1284.2940170940171
"DP1";"2019-11-01T13:00:00+01:00";913.874358974359
"DP1";"2019-11-01T16:00:00+01:00";936.0820512820513
"DP1";"2019-11-01T19:00:00+01:00";762.6197604790419
"DP1";"2019-11-01T22:00:00+01:00";538.9405982905982
"DP1";"2019-11-02T01:00:00+01:00";453.94188034188033
"DP1";"2019-11-02T04:00:00+01:00";260.18226359627636
"DP1";"2019-11-02T07:00:00+01:00";536.6162393162393
"DP1";"2019-11-02T10:00:00+01:00";920.9465811965812
"DP1";"2019-11-02T13:00:00+01:00";576.6367521367522
"DP1";"2019-11-02T16:00:00+01:00";556.625641025641
"DP1";"2019-11-02T19:00:00+01:00";583.1782051282051
"DP1";"2019-11-02T22:00:00+01:00";417.9507346585998
"DP1";"2019-11-03T01:00:00+01:00";483.0679487179487
"DP1";"2019-11-03T04:00:00+01:00";228.15118529269472
"DP1";"2019-11-03T07:00:00+01:00";377.2662393162393
"DP1";"2019-11-03T10:00:00+01:00";721.7431623931624
"DP1";"2019-11-03T13:00:00+01:00";494.03480876665236
"DP1";"2019-11-03T16:00:00+01:00";677.5423076923076
"DP1";"2019-11-03T19:00:00+01:00";785.9880341880341
"DP1";"2019-11-03T22:00:00+01:00";579.9145299145299
"DP1";"2019-11-04T01:00:00+01:00";456.9705128205128
"DP1";"2019-11-04T04:00:00+01:00";303.710433244916
"DP1";"2019-11-04T07:00:00+01:00";2950.2837606837606
"DP1";"2019-11-04T10:00:00+01:00";3770.0162393162395
"DP1";"2019-11-04T13:00:00+01:00";2696.125641025641
"DP1";"2019-11-04T16:00:00+01:00";1666.5807692307692
"DP1";"2019-11-04T19:00:00+01:00";1073.4944444444445
"DP1";"2019-11-04T22:00:00+01:00";748.3226495726495
"DP1";"2019-11-05T01:00:00+01:00";428.7012820512821
"DP1";"2019-11-05T04:00:00+01:00";435.97435897435895
"DP1";"2019-11-05T07:00:00+01:00";3063.88547008547
"DP1";"2019-11-05T10:00:00+01:00";3708.7239316239315
"DP1";"2019-11-05T13:00:00+01:00";2891.17905982906
"DP1";"2019-11-05T16:00:00+01:00";1561.7534013605443
"DP1";"2019-11-05T19:00:00+01:00";1037.7636752136752
"DP1";"2019-11-05T22:00:00+01:00";686.6408791208792
"DP1";"2019-11-06T01:00:00+01:00";447.00651890482396
"DP1";"2019-11-06T04:00:00+01:00";372.9634146341463
"DP1";"2019-11-06T07:00:00+01:00";2630.0008547008547
"DP1";"2019-11-06T10:00:00+01:00";3362.3017094017096
"DP1";"2019-11-06T13:00:00+01:00";2445.919658119658
"DP1";"2019-11-06T16:00:00+01:00";1402.0602564102564
"DP1";"2019-11-06T19:00:00+01:00";976.1205128205128
"DP1";"2019-11-06T22:00:00+01:00";746.6367521367522
"DP1";"2019-11-07T01:00:00+01:00";456.4959174903309
"DP1";"2019-11-07T04:00:00+01:00";292.4341009309162
"DP1";"2019-11-07T07:00:00+01:00";2486.6047008547007
"DP1";"2019-11-07T10:00:00+01:00";3100.651282051282
"DP1";"2019-11-07T13:00:00+01:00";2091.9397435897436
"DP1";"2019-11-07T16:00:00+01:00";2424.7339922647184
"DP1";"2019-11-07T19:00:00+01:00";891.6957264957265
"DP1";"2019-11-07T22:00:00+01:00";583.1722222222222
"DP1";"2019-11-08T01:00:00+01:00";407.93675213675215
"DP1";"2019-11-08T04:00:00+01:00";300.82278481012656
"DP1";"2019-11-08T07:00:00+01:00";2530.3662393162394
"DP1";"2019-11-08T10:00:00+01:00";3084.869230769231
"DP1";"2019-11-08T13:00:00+01:00";2331.107692307692
"DP1";"2019-11-08T16:00:00+01:00";847.9737859905458
"DP1";"2019-11-08T19:00:00+01:00";710.1166666666667
"DP1";"2019-11-08T22:00:00+01:00";689.5192307692307
"DP1";"2019-11-09T01:00:00+01:00";628.1332187365707
"DP1";"2019-11-09T04:00:00+01:00";283.07267904509285
"DP1";"2019-11-09T07:00:00+01:00";925.4153846153846
"DP1";"2019-11-09T10:00:00+01:00";1254.5286324786325
"DP1";"2019-11-09T13:00:00+01:00";975.05
"DP1";"2019-11-09T16:00:00+01:00";982.3337606837607
"DP1";"2019-11-09T19:00:00+01:00";1003.5051282051282
"DP1";"2019-11-09T22:00:00+01:00";902.7568376068376
"DP1";"2019-11-10T01:00:00+01:00";469.1804899011603
"DP1";"2019-11-10T04:00:00+01:00";245.0782570031125
"DP1";"2019-11-10T07:00:00+01:00";476.7790598290598
"DP1";"2019-11-10T10:00:00+01:00";677.0405982905983
"DP1";"2019-11-10T13:00:00+01:00";472.162035057717
"DP1";"2019-11-10T16:00:00+01:00";635.5893162393162
"DP1";"2019-11-10T19:00:00+01:00";700.6350427350427
"DP1";"2019-11-10T22:00:00+01:00";534.474134245404
"DP1";"2019-11-11T01:00:00+01:00";464.45246326707
"DP1";"2019-11-11T04:00:00+01:00";307.7371386575208
"DP1";"2019-11-11T07:00:00+01:00";2720.0479067760034
"DP1";"2019-11-11T10:00:00+01:00";3473.2070295756535
"DP1";"2019-11-11T13:00:00+01:00";2700.350043215212
"DP1";"2019-11-11T16:00:00+01:00";1421.5626872058194
"DP1";"2019-11-11T19:00:00+01:00";1006.0350427350427
"DP1";"2019-11-11T22:00:00+01:00";616.9529914529915
"DP1";"2019-11-12T01:00:00+01:00";476.9075194468453
"DP1";"2019-11-12T04:00:00+01:00";338.77758241758244
"DP1";"2019-11-12T07:00:00+01:00";2865.652564102564
"DP1";"2019-11-12T10:00:00+01:00";3698.369658119658
"DP1";"2019-11-12T13:00:00+01:00";2728.1944444444443
"DP1";"2019-11-12T16:00:00+01:00";1497.3038246669532
"DP1";"2019-11-12T19:00:00+01:00";865.6207781103036
"DP1";"2019-11-12T22:00:00+01:00";743.248502994012
"DP1";"2019-11-13T01:00:00+01:00";479.4698795180723
"DP1";"2019-11-13T04:00:00+01:00";313.42777512342724
"DP1";"2019-11-13T07:00:00+01:00";2607.3346153846155
"DP1";"2019-11-13T10:00:00+01:00";3343.549572649573
"DP1";"2019-11-13T13:00:00+01:00";2547.189316239316
"DP1";"2019-11-13T16:00:00+01:00";1518.767094017094
"DP1";"2019-11-13T19:00:00+01:00";881.2181351582549
"DP1";"2019-11-13T22:00:00+01:00";655.5363558597091
"DP1";"2019-11-14T01:00:00+01:00";372.50710288420146
"DP1";"2019-11-14T04:00:00+01:00";242.92459928034023
"DP1";"2019-11-14T07:00:00+01:00";2258.3552290406224
"DP1";"2019-11-14T10:00:00+01:00";3145.205982905983
"DP1";"2019-11-14T13:00:00+01:00";2310.083760683761
"DP1";"2019-11-14T16:00:00+01:00";2463.849549935705
"DP1";"2019-11-14T19:00:00+01:00";857.8564058469475
"DP1";"2019-11-14T22:00:00+01:00";610.5728943993159
"DP1";"2019-11-15T01:00:00+01:00";466.9174508126604
"DP1";"2019-11-15T04:00:00+01:00";376.7523629489603
"DP1";"2019-11-15T07:00:00+01:00";2757.946581196581
"DP1";"2019-11-15T10:00:00+01:00";3222.917094017094
"DP1";"2019-11-15T13:00:00+01:00";2367.086807047701
"DP1";"2019-11-15T16:00:00+01:00";791.11452991453
"DP1";"2019-11-15T19:00:00+01:00";804.9133620689655
"DP1";"2019-11-15T22:00:00+01:00";861.4555555555555
"DP1";"2019-11-16T01:00:00+01:00";644.3033707865169
"DP1";"2019-11-16T04:00:00+01:00";369.7821141837645
"DP1";"2019-11-16T07:00:00+01:00";497.70726495726495
"DP1";"2019-11-16T10:00:00+01:00";768.6153846153846
"DP1";"2019-11-16T13:00:00+01:00";179.38760683760682
"DP1";"2019-11-16T16:00:00+01:00";331.8790598290598
"DP1";"2019-11-16T19:00:00+01:00";470.2405982905983
"DP1";"2019-11-16T22:00:00+01:00";482.00811965811965
"DP1";"2019-11-17T01:00:00+01:00";552.2346585998272
"DP1";"2019-11-17T04:00:00+01:00";246.0844385499558
"DP1";"2019-11-17T07:00:00+01:00";494.7153846153846
"DP1";"2019-11-17T10:00:00+01:00";691.492735042735
"DP1";"2019-11-17T13:00:00+01:00";486.9031979256698
"DP1";"2019-11-17T16:00:00+01:00";657.4
"DP1";"2019-11-17T19:00:00+01:00";612.9317199654279
"DP1";"2019-11-17T22:00:00+01:00";479.058547008547
"DP1";"2019-11-18T01:00:00+01:00";430.1037165082109
"DP1";"2019-11-18T04:00:00+01:00";381.40620782726046
"DP1";"2019-11-18T07:00:00+01:00";3150.118381403358
"DP1";"2019-11-18T10:00:00+01:00";3874.5058014611086
"DP1";"2019-11-18T13:00:00+01:00";2774.638034188034
"DP1";"2019-11-18T16:00:00+01:00";1521.6886509635974
"DP1";"2019-11-18T19:00:00+01:00";916.9670702179177
"DP1";"2019-11-18T22:00:00+01:00";575.2040464916057
"DP1";"2019-11-19T01:00:00+01:00";417.2755905511811
"DP1";"2019-11-19T04:00:00+01:00";344.02856468366383
"DP1";"2019-11-19T07:00:00+01:00";3308.053717232488
"DP1";"2019-11-19T10:00:00+01:00";3546.657264957265
"DP1";"2019-11-19T13:00:00+01:00";2675.554700854701
"DP1";"2019-11-19T16:00:00+01:00";1482.7807692307692
"DP1";"2019-11-19T19:00:00+01:00";909.1903738719382
"DP1";"2019-11-19T22:00:00+01:00";674.3516483516484
"DP1";"2019-11-20T01:00:00+01:00";383.2144391920928
"DP1";"2019-11-20T04:00:00+01:00";317.7143485915493
"DP1";"2019-11-20T07:00:00+01:00";2921.9995726495727
"DP1";"2019-11-20T10:00:00+01:00";3617.6291362269017
"DP1";"2019-11-20T13:00:00+01:00";2679.9427105600685
"DP1";"2019-11-20T16:00:00+01:00";1473.025641025641
"DP1";"2019-11-20T19:00:00+01:00";980.8764957264957
"DP1";"2019-11-20T22:00:00+01:00";778.4696581196581
"DP1";"2019-11-21T01:00:00+01:00";376.66101694915255
"DP1";"2019-11-21T04:00:00+01:00";356.2900838677849
"DP1";"2019-11-21T07:00:00+01:00";2665.5970085470085
"DP1";"2019-11-21T10:00:00+01:00";3481.6039689387403
"DP1";"2019-11-21T13:00:00+01:00";2467.292985457656
"DP1";"2019-11-21T16:00:00+01:00";2726.1017094017093
"DP1";"2019-11-21T19:00:00+01:00";1316.9691973969632
"DP1";"2019-11-21T22:00:00+01:00";800.5624184428012
"DP1";"2019-11-22T01:00:00+01:00";513.1004273504274
"DP1";"2019-11-22T04:00:00+01:00";506.3989776046738
"DP1";"2019-11-22T07:00:00+01:00";5031.9235042735045
"DP1";"2019-11-22T10:00:00+01:00";3478.961654459285
"DP1";"2019-11-22T13:00:00+01:00";2503.400513478819
"DP1";"2019-11-22T16:00:00+01:00";874.615811965812
"DP1";"2019-11-22T19:00:00+01:00";742.8521367521367
"DP1";"2019-11-22T22:00:00+01:00";823.0931623931624
"DP1";"2019-11-23T01:00:00+01:00";534.9311531841653
"DP1";"2019-11-23T04:00:00+01:00";218.28858402743754
"DP1";"2019-11-23T07:00:00+01:00";561.3837606837607
"DP1";"2019-11-23T10:00:00+01:00";835.0888693356798
"DP1";"2019-11-23T13:00:00+01:00";686.0857265323617
"DP1";"2019-11-23T16:00:00+01:00";625.6519880290723
"DP1";"2019-11-23T19:00:00+01:00";656.232688172043
"DP1";"2019-11-23T22:00:00+01:00";516.7947504302927
"DP1";"2019-11-24T01:00:00+01:00";350.5173626373626
"DP1";"2019-11-24T04:00:00+01:00";168.16666666666666
"DP1";"2019-11-24T07:00:00+01:00";null
"DP1";"2019-11-24T10:00:00+01:00";null
"DP1";"2019-11-24T13:00:00+01:00";null
"DP1";"2019-11-24T16:00:00+01:00";null
"DP1";"2019-11-24T19:00:00+01:00";null
"DP1";"2019-11-24T22:00:00+01:00";null
"DP1";"2019-11-25T01:00:00+01:00";null
"DP1";"2019-11-25T04:00:00+01:00";null
"DP1";"2019-11-25T07:00:00+01:00";4400.553719008264
"DP1";"2019-11-25T10:00:00+01:00";3806.032230339493
"DP1";"2019-11-25T13:00:00+01:00";2802.482051282051
"DP1";"2019-11-25T16:00:00+01:00";1514.6760683760683
"DP1";"2019-11-25T19:00:00+01:00";942.5970664365833
"DP1";"2019-11-25T22:00:00+01:00";781.7122580645162
"DP1";"2019-11-26T01:00:00+01:00";339.61391304347825
"DP1";"2019-11-26T04:00:00+01:00";367.6448306595365
"DP1";"2019-11-26T07:00:00+01:00";2708.184188034188
"DP1";"2019-11-26T10:00:00+01:00";3786.9144201968334
"DP1";"2019-11-26T13:00:00+01:00";2543.1589743589743
"DP1";"2019-11-26T16:00:00+01:00";1369.0700854700854
"DP1";"2019-11-26T19:00:00+01:00";772.8523076923077
"DP1";"2019-11-26T22:00:00+01:00";693.114346895075
"DP1";"2019-11-27T01:00:00+01:00";316.4111111111111
"DP1";"2019-11-27T04:00:00+01:00";334.26624925462136
"DP1";"2019-11-27T07:00:00+01:00";3497.034156142365
"DP1";"2019-11-27T10:00:00+01:00";3563.624358974359
"DP1";"2019-11-27T13:00:00+01:00";2672.29188034188
"DP1";"2019-11-27T16:00:00+01:00";1610.7247863247862
"DP1";"2019-11-27T19:00:00+01:00";893.5961538461538
"DP1";"2019-11-27T22:00:00+01:00";736.6226495726496
"DP1";"2019-11-28T01:00:00+01:00";335.6908544439674
"DP1";"2019-11-28T04:00:00+01:00";415.6925990675991
"DP1";"2019-11-28T07:00:00+01:00";2723.0226495726497
"DP1";"2019-11-28T10:00:00+01:00";3529.244871794872
"DP1";"2019-11-28T13:00:00+01:00";3019.5880341880343
"DP1";"2019-11-28T16:00:00+01:00";2813.4286324786326
"DP1";"2019-11-28T19:00:00+01:00";1061.149978513107
"DP1";"2019-11-28T22:00:00+01:00";752.0952991452991
"DP1";"2019-11-29T01:00:00+01:00";370.62791702679345
"DP1";"2019-11-29T04:00:00+01:00";390.87115384615385
"DP1";"2019-11-29T07:00:00+01:00";3556.845724108294
"DP1";"2019-11-29T10:00:00+01:00";4262.4123931623935
"DP1";"2019-11-29T13:00:00+01:00";3342.8277777777776
"DP1";"2019-11-29T16:00:00+01:00";1176.7807692307692
"DP1";"2019-11-29T19:00:00+01:00";907.0217948717949
"DP1";"2019-11-29T22:00:00+01:00";724.4363247863248
"DP1";"2019-11-30T01:00:00+01:00";433.416958041958
"DP1";"2019-11-30T04:00:00+01:00";296.12659340659343
"DP1";"2019-11-30T07:00:00+01:00";658.972926514826
"DP1";"2019-11-30T10:00:00+01:00";925.1675213675213
"DP1";"2019-11-30T13:00:00+01:00";819.9893162393163
"DP1";"2019-11-30T16:00:00+01:00";745.8820512820513
"DP1";"2019-11-30T19:00:00+01:00";714.9072649572649
"DP1";"2019-11-30T22:00:00+01:00";560.2475290073055
"DP1";"2019-12-01T01:00:00+01:00";487.5479688850475
"DP1";"2019-12-01T04:00:00+01:00";343.7300983899821
"DP1";"2019-12-01T07:00:00+01:00";782.3252136752137
"DP1";"2019-12-01T10:00:00+01:00";1092.7134831460673
"DP1";"2019-12-01T13:00:00+01:00";714.5397435897436
"DP1";"2019-12-01T16:00:00+01:00";741.507264957265
"DP1";"2019-12-01T19:00:00+01:00";799.9632478632478
"DP1";"2019-12-01T22:00:00+01:00";653.5532377227292
"DP1";"2019-12-02T01:00:00+01:00";420.3200854700855
"DP1";"2019-12-02T04:00:00+01:00";416.7760901518863
"DP1";"2019-12-02T07:00:00+01:00";3056.5042735042734
"DP1";"2019-12-02T10:00:00+01:00";4150.890170940171
"DP1";"2019-12-02T13:00:00+01:00";3095.9166666666665
"DP1";"2019-12-02T16:00:00+01:00";1821.8824786324785
"DP1";"2019-12-02T19:00:00+01:00";1265.0705789056306
"DP1";"2019-12-02T22:00:00+01:00";669.9150641025641
"DP1";"2019-12-03T01:00:00+01:00";430.39965322930215
"DP1";"2019-12-03T04:00:00+01:00";389.1320586927523
"DP1";"2019-12-03T07:00:00+01:00";2683.632905982906
"DP1";"2019-12-03T10:00:00+01:00";3620.8747863247863
"DP1";"2019-12-03T13:00:00+01:00";2555.100988397078
"DP1";"2019-12-03T16:00:00+01:00";1538.8910256410256
"DP1";"2019-12-03T19:00:00+01:00";1015.8196581196581
"DP1";"2019-12-03T22:00:00+01:00";994.2419424151268
"DP1";"2019-12-04T01:00:00+01:00";411.64202836269874
"DP1";"2019-12-04T04:00:00+01:00";507.10735150925024
"DP1";"2019-12-04T07:00:00+01:00";3354.146153846154
"DP1";"2019-12-04T10:00:00+01:00";5569.6598290598295
"DP1";"2019-12-04T13:00:00+01:00";4103.709401709401
"DP1";"2019-12-04T16:00:00+01:00";2178.290170940171
"DP1";"2019-12-04T19:00:00+01:00";1266.780341880342
"DP1";"2019-12-04T22:00:00+01:00";931.0339492909326
"DP1";"2019-12-05T01:00:00+01:00";368.4482905982906
"DP1";"2019-12-05T04:00:00+01:00";373.2628660159716
"DP1";"2019-12-05T07:00:00+01:00";3154.3773504273504
"DP1";"2019-12-05T10:00:00+01:00";4023.6955964087215
"DP1";"2019-12-05T13:00:00+01:00";2790.595299145299
"DP1";"2019-12-05T16:00:00+01:00";2724.687606837607
"DP1";"2019-12-05T19:00:00+01:00";1053.9858974358974
"DP1";"2019-12-05T22:00:00+01:00";345.62273120138286
"DP1";"2019-12-06T01:00:00+01:00";206.11923076923077
"DP1";"2019-12-06T04:00:00+01:00";327.7881241565452
"DP1";"2019-12-06T07:00:00+01:00";545.4997750787225
"DP1";"2019-12-06T10:00:00+01:00";796.3326923076924
"DP1";"2019-12-06T13:00:00+01:00";587.3921308576481
"DP1";"2019-12-06T16:00:00+01:00";567.3085517834121
"DP1";"2019-12-06T19:00:00+01:00";626.4901287553648
"DP1";"2019-12-06T22:00:00+01:00";500.65626336041043
"DP1";"2019-12-07T01:00:00+01:00";368.31538461538463
"DP1";"2019-12-07T04:00:00+01:00";365.34784712143204
"DP1";"2019-12-07T07:00:00+01:00";565.3047008547009
"DP1";"2019-12-07T10:00:00+01:00";714.2111111111111
"DP1";"2019-12-07T13:00:00+01:00";504.2735042735043
"DP1";"2019-12-07T16:00:00+01:00";640.4863247863248
"DP1";"2019-12-07T19:00:00+01:00";536.2415126772669
"DP1";"2019-12-07T22:00:00+01:00";651.1542735042735
"DP1";"2019-12-08T01:00:00+01:00";361.30725771403735
"DP1";"2019-12-08T04:00:00+01:00";241.6976840363937
"DP1";"2019-12-08T07:00:00+01:00";678.2051282051282
"DP1";"2019-12-08T10:00:00+01:00";724.0672089041096
"DP1";"2019-12-08T13:00:00+01:00";555.3311938382542
"DP1";"2019-12-08T16:00:00+01:00";620.2965811965812
"DP1";"2019-12-08T19:00:00+01:00";656.2128205128205
"DP1";"2019-12-08T22:00:00+01:00";781.2596401028278
"DP1";"2019-12-09T01:00:00+01:00";527.1232166018158
"DP1";"2019-12-09T04:00:00+01:00";235.4734065934066
"DP1";"2019-12-09T07:00:00+01:00";2070.0517979452056
"DP1";"2019-12-09T10:00:00+01:00";2739.878787878788
"DP1";"2019-12-09T13:00:00+01:00";2102.551753635586
"DP1";"2019-12-09T16:00:00+01:00";1263.980877879183
"DP1";"2019-12-09T19:00:00+01:00";850.1783412118608
"DP1";"2019-12-09T22:00:00+01:00";755.8123076923077
"DP1";"2019-12-10T01:00:00+01:00";428.96691018478725
"DP1";"2019-12-10T04:00:00+01:00";396.22605002359603
"DP1";"2019-12-10T07:00:00+01:00";2929.1444444444446
"DP1";"2019-12-10T10:00:00+01:00";3605.530172413793
"DP1";"2019-12-10T13:00:00+01:00";2641.306131451257
"DP1";"2019-12-10T16:00:00+01:00";1590.6583797685385
"DP1";"2019-12-10T19:00:00+01:00";969.5264957264957
"DP1";"2019-12-10T22:00:00+01:00";719.105982905983
"DP1";"2019-12-11T01:00:00+01:00";375.14623655913977
"DP1";"2019-12-11T04:00:00+01:00";327.2169811320755
"DP1";"2019-12-11T07:00:00+01:00";2130.005617977528
"DP1";"2019-12-11T10:00:00+01:00";2758.82461406518
"DP1";"2019-12-11T13:00:00+01:00";2140.0596289752652
"DP1";"2019-12-11T16:00:00+01:00";1122.1529513140888
"DP1";"2019-12-11T19:00:00+01:00";753.7405982905983
"DP1";"2019-12-11T22:00:00+01:00";578.2754491017964
"DP1";"2019-12-12T01:00:00+01:00";256.5870219166309
"DP1";"2019-12-12T04:00:00+01:00";264.4531388152078
"DP1";"2019-12-12T07:00:00+01:00";2003.366897147796
"DP1";"2019-12-12T10:00:00+01:00";2726.667521367521
"DP1";"2019-12-12T13:00:00+01:00";1826.3466838931956
"DP1";"2019-12-12T16:00:00+01:00";2078.954525768731
"DP1";"2019-12-12T19:00:00+01:00";822.1055555555556
"DP1";"2019-12-12T22:00:00+01:00";563.0038676407391
"DP1";"2019-12-13T01:00:00+01:00";253.49059829059829
"DP1";"2019-12-13T04:00:00+01:00";309.1127237542332
"DP1";"2019-12-13T07:00:00+01:00";2044.8153846153846
"DP1";"2019-12-13T10:00:00+01:00";2801.2123931623933
"DP1";"2019-12-13T13:00:00+01:00";1939.9747606614446
"DP1";"2019-12-13T16:00:00+01:00";798.876923076923
"DP1";"2019-12-13T19:00:00+01:00";629.5247863247863
"DP1";"2019-12-13T22:00:00+01:00";577.7291041577369
"DP1";"2019-12-14T01:00:00+01:00";387.5955536554083
"DP1";"2019-12-14T04:00:00+01:00";315.74920778632867
"DP1";"2019-12-14T07:00:00+01:00";549.5492049849591
"DP1";"2019-12-14T10:00:00+01:00";808.4645299145299
"DP1";"2019-12-14T13:00:00+01:00";591.5905982905983
"DP1";"2019-12-14T16:00:00+01:00";624.015811965812
"DP1";"2019-12-14T19:00:00+01:00";579.7473193473194
"DP1";"2019-12-14T22:00:00+01:00";412.12179487179486
"DP1";"2019-12-15T01:00:00+01:00";295.3231233822261
"DP1";"2019-12-15T04:00:00+01:00";251.9610358180058
"DP1";"2019-12-15T07:00:00+01:00";332.41923076923075
"DP1";"2019-12-15T10:00:00+01:00";631.4401709401709
"DP1";"2019-12-15T13:00:00+01:00";569.1910256410256
"DP1";"2019-12-15T16:00:00+01:00";537.0498495917491
"DP1";"2019-12-15T19:00:00+01:00";744.1963902019768
"DP1";"2019-12-15T22:00:00+01:00";512.4297378599055
"DP1";"2019-12-16T01:00:00+01:00";299.64890416845725
"DP1";"2019-12-16T04:00:00+01:00";318.53935082258783
"DP1";"2019-12-16T07:00:00+01:00";2108.558547008547
"DP1";"2019-12-16T10:00:00+01:00";3036.9309895833335
"DP1";"2019-12-16T13:00:00+01:00";2595.2465083798884
"DP1";"2019-12-16T16:00:00+01:00";1002.2773722627737
"DP1";"2019-12-16T19:00:00+01:00";904.416922402455
"DP1";"2019-12-16T22:00:00+01:00";862.4008676789588
"DP1";"2019-12-17T01:00:00+01:00";352.9341238471673
"DP1";"2019-12-17T04:00:00+01:00";333.1578947368421
"DP1";"2019-12-17T07:00:00+01:00";3737.517513134851
"DP1";"2019-12-17T10:00:00+01:00";4840.642307692307
"DP1";"2019-12-17T13:00:00+01:00";3434.295299145299
"DP1";"2019-12-17T16:00:00+01:00";2107.1047008547007
"DP1";"2019-12-17T19:00:00+01:00";1306.9595872742907
"DP1";"2019-12-17T22:00:00+01:00";1080.2165878813923
"DP1";"2019-12-18T01:00:00+01:00";394.08162393162394
"DP1";"2019-12-18T04:00:00+01:00";417.373417721519
"DP1";"2019-12-18T07:00:00+01:00";4757.761538461538
"DP1";"2019-12-18T10:00:00+01:00";5017.867948717949
"DP1";"2019-12-18T13:00:00+01:00";3593.401282051282
"DP1";"2019-12-18T16:00:00+01:00";1899.1555555555556
"DP1";"2019-12-18T19:00:00+01:00";879.814450619923
"DP1";"2019-12-18T22:00:00+01:00";765.2880341880342
"DP1";"2019-12-19T01:00:00+01:00";373.67264957264956
"DP1";"2019-12-19T04:00:00+01:00";436.4283740211884
"DP1";"2019-12-19T07:00:00+01:00";4101.892995272883
"DP1";"2019-12-19T10:00:00+01:00";5526.604700854701
"DP1";"2019-12-19T13:00:00+01:00";3991.0119658119656
"DP1";"2019-12-19T16:00:00+01:00";2011.9789428448646
"DP1";"2019-12-19T19:00:00+01:00";1280.3102707348517
"DP1";"2019-12-19T22:00:00+01:00";1058.1142979452054
"DP1";"2019-12-20T01:00:00+01:00";512.8051282051282
"DP1";"2019-12-20T04:00:00+01:00";633.910576923077
"DP1";"2019-12-20T07:00:00+01:00";3858.492735042735
"DP1";"2019-12-20T10:00:00+01:00";4687.342735042735
"DP1";"2019-12-20T13:00:00+01:00";3351.3418803418804
"DP1";"2019-12-20T16:00:00+01:00";1350.2619658119659
"DP1";"2019-12-20T19:00:00+01:00";1105.9127832407012
"DP1";"2019-12-20T22:00:00+01:00";820.6367274344153
"DP1";"2019-12-21T01:00:00+01:00";482.5463286713287
"DP1";"2019-12-21T04:00:00+01:00";572.5067155067155
"DP1";"2019-12-21T07:00:00+01:00";1514.4435897435897
"DP1";"2019-12-21T10:00:00+01:00";1829.0081196581198
"DP1";"2019-12-21T13:00:00+01:00";1519.4675213675214
"DP1";"2019-12-21T16:00:00+01:00";1518.5721694036301
"DP1";"2019-12-21T19:00:00+01:00";1441.9683625480975
"DP1";"2019-12-21T22:00:00+01:00";970.8521701761925
"DP1";"2019-12-22T01:00:00+01:00";751.5513536742587
"DP1";"2019-12-22T04:00:00+01:00";343.0907069808804
"DP1";"2019-12-22T07:00:00+01:00";840.2749778956676
"DP1";"2019-12-22T10:00:00+01:00";1557.7649333906318
"DP1";"2019-12-22T13:00:00+01:00";1265.6531942633637
"DP1";"2019-12-22T16:00:00+01:00";1454.1649572649574
"DP1";"2019-12-22T19:00:00+01:00";1470.956043956044
"DP1";"2019-12-22T22:00:00+01:00";1137.342735042735
"DP1";"2019-12-23T01:00:00+01:00";683.7987179487179
"DP1";"2019-12-23T04:00:00+01:00";342.8219641993227
"DP1";"2019-12-23T07:00:00+01:00";3709.561111111111
"DP1";"2019-12-23T10:00:00+01:00";4557.766666666666
"DP1";"2019-12-23T13:00:00+01:00";3268.1914433880725
"DP1";"2019-12-23T16:00:00+01:00";1872.2110012892135
"DP1";"2019-12-23T19:00:00+01:00";1125.7399486740803
"DP1";"2019-12-23T22:00:00+01:00";890.5608079071766
"DP1";"2019-12-24T01:00:00+01:00";498.8029914529915
"DP1";"2019-12-24T04:00:00+01:00";301.45973909131806
"DP1";"2019-12-24T07:00:00+01:00";3081.794017094017
"DP1";"2019-12-24T10:00:00+01:00";4185.51452991453
"DP1";"2019-12-24T13:00:00+01:00";2328.1824786324787
"DP1";"2019-12-24T16:00:00+01:00";957.0854700854701
"DP1";"2019-12-24T19:00:00+01:00";519.1311965811966
"DP1";"2019-12-24T22:00:00+01:00";474.54786324786323
"DP1";"2019-12-25T01:00:00+01:00";579.443820224719
"DP1";"2019-12-25T04:00:00+01:00";431.78153846153845
"DP1";"2019-12-25T07:00:00+01:00";578.1081196581197
"DP1";"2019-12-25T10:00:00+01:00";787.5735042735042
"DP1";"2019-12-25T13:00:00+01:00";635.5397579948142
"DP1";"2019-12-25T16:00:00+01:00";667.8607649333907
"DP1";"2019-12-25T19:00:00+01:00";805.7009024495057
"DP1";"2019-12-25T22:00:00+01:00";714.822308690013
"DP1";"2019-12-26T01:00:00+01:00";383.934188034188
"DP1";"2019-12-26T04:00:00+01:00";227.7721335268505
"DP1";"2019-12-26T07:00:00+01:00";1978.2664374731414
"DP1";"2019-12-26T10:00:00+01:00";3015.6291362269017
"DP1";"2019-12-26T13:00:00+01:00";2127.101282051282
"DP1";"2019-12-26T16:00:00+01:00";1258.536752136752
"DP1";"2019-12-26T19:00:00+01:00";1003.8012820512821
"DP1";"2019-12-26T22:00:00+01:00";785.0034423407917
"DP1";"2019-12-27T01:00:00+01:00";403.45681134507953
"DP1";"2019-12-27T04:00:00+01:00";319.68652734548687
"DP1";"2019-12-27T07:00:00+01:00";3392.9780833691448
"DP1";"2019-12-27T10:00:00+01:00";4249.254273504273
"DP1";"2019-12-27T13:00:00+01:00";3245.543647363872
"DP1";"2019-12-27T16:00:00+01:00";1400.3692307692309
"DP1";"2019-12-27T19:00:00+01:00";1111.4055555555556
"DP1";"2019-12-27T22:00:00+01:00";791.0573139435415
"DP1";"2019-12-28T01:00:00+01:00";475.97478632478635
"DP1";"2019-12-28T04:00:00+01:00";293.55106475445456
"DP1";"2019-12-28T07:00:00+01:00";850.4645299145299
"DP1";"2019-12-28T10:00:00+01:00";1221.5008643042352
"DP1";"2019-12-28T13:00:00+01:00";994.4422002578427
"DP1";"2019-12-28T16:00:00+01:00";909.8098290598291
"DP1";"2019-12-28T19:00:00+01:00";746.9961522017957
"DP1";"2019-12-28T22:00:00+01:00";611.3906317146541
"DP1";"2019-12-29T01:00:00+01:00";456.5636752136752
"DP1";"2019-12-29T04:00:00+01:00";327.4458598726115
"DP1";"2019-12-29T07:00:00+01:00";546.242735042735
"DP1";"2019-12-29T10:00:00+01:00";1023.6867521367521
"DP1";"2019-12-29T13:00:00+01:00";775.3214439192093
"DP1";"2019-12-29T16:00:00+01:00";836.6833333333333
"DP1";"2019-12-29T19:00:00+01:00";965.5032230339493
"DP1";"2019-12-29T22:00:00+01:00";766.8867521367522
"DP1";"2019-12-30T01:00:00+01:00";486.30384615384617
"DP1";"2019-12-30T04:00:00+01:00";314.88768286927797
"DP1";"2019-12-30T07:00:00+01:00";3478.7337606837605
"DP1";"2019-12-30T10:00:00+01:00";4623.56452991453
"DP1";"2019-12-30T13:00:00+01:00";3526.539202803329
"DP1";"2019-12-30T16:00:00+01:00";2005.1149572649572
"DP1";"2019-12-30T19:00:00+01:00";1193.6858254105446
"DP1";"2019-12-30T22:00:00+01:00";950.645575032065
"DP1";"2019-12-31T01:00:00+01:00";578.5021496130696
"DP1";"2019-12-31T04:00:00+01:00";402.13257918552034
"DP1";"2019-12-31T07:00:00+01:00";2782.332478632479
"DP1";"2019-12-31T10:00:00+01:00";3924.513966480447
"DP1";"2019-12-31T13:00:00+01:00";2251.496153846154
"DP1";"2019-12-31T16:00:00+01:00";1112.4444444444443
"DP1";"2019-12-31T19:00:00+01:00";733.0756410256411
"DP1";"2019-12-31T22:00:00+01:00";565.7785378366823
"DP1";"2020-01-01T01:00:00+01:00";670.9854700854701
"DP1";"2020-01-01T04:00:00+01:00";361.1521933751119
"DP1";"2020-01-01T07:00:00+01:00";622.3166666666667
"DP1";"2020-01-01T10:00:00+01:00";1445.3841856467554
"DP1";"2020-01-01T13:00:00+01:00";1030.1376068376069
"DP1";"2020-01-01T16:00:00+01:00";1047.0504273504273
"DP1";"2020-01-01T19:00:00+01:00";1275.2944444444445
"DP1";"2020-01-01T22:00:00+01:00";936.501282051282
"DP1";"2020-01-02T01:00:00+01:00";466.4641025641026
"DP1";"2020-01-02T04:00:00+01:00";399.6895306859206
"DP1";"2020-01-02T07:00:00+01:00";3807.294017094017
"DP1";"2020-01-02T10:00:00+01:00";4642.326923076923
"DP1";"2020-01-02T13:00:00+01:00";3495.5884615384616
"DP1";"2020-01-02T16:00:00+01:00";2206.93547008547
"DP1";"2020-01-02T19:00:00+01:00";1439.209829059829
"DP1";"2020-01-02T22:00:00+01:00";1116.9961323592609
"DP1";"2020-01-03T01:00:00+01:00";493.30042735042736
"DP1";"2020-01-03T04:00:00+01:00";387.2451923076923
"DP1";"2020-01-03T07:00:00+01:00";3525.280618822518
"DP1";"2020-01-03T10:00:00+01:00";4339.943162393162
"DP1";"2020-01-03T13:00:00+01:00";3129.2431623931625
"DP1";"2020-01-03T16:00:00+01:00";1534.702564102564
"DP1";"2020-01-03T19:00:00+01:00";1231.2333333333333
"DP1";"2020-01-03T22:00:00+01:00";823.3363247863248
"DP1";"2020-01-04T01:00:00+01:00";527.7910256410256
"DP1";"2020-01-04T04:00:00+01:00";415.1852482960078
"DP1";"2020-01-04T07:00:00+01:00";815.0854700854701
"DP1";"2020-01-04T10:00:00+01:00";1480.5649572649572
"DP1";"2020-01-04T13:00:00+01:00";1032.2871794871794
"DP1";"2020-01-04T16:00:00+01:00";984.0581196581196
"DP1";"2020-01-04T19:00:00+01:00";910.4536713286714
"DP1";"2020-01-04T22:00:00+01:00";690.0320512820513
"DP1";"2020-01-05T01:00:00+01:00";483.4632478632479
"DP1";"2020-01-05T04:00:00+01:00";293.5608791208791
"DP1";"2020-01-05T07:00:00+01:00";678.8813923506661
"DP1";"2020-01-05T10:00:00+01:00";1038.6523420713365
"DP1";"2020-01-05T13:00:00+01:00";793.7811965811966
"DP1";"2020-01-05T16:00:00+01:00";875.5675213675214
"DP1";"2020-01-05T19:00:00+01:00";830.6034188034188
"DP1";"2020-01-05T22:00:00+01:00";595.9974358974359
"DP1";"2020-01-06T01:00:00+01:00";497.7316239316239
"DP1";"2020-01-06T04:00:00+01:00";281.6688770999116
"DP1";"2020-01-06T07:00:00+01:00";539.8252136752137
"DP1";"2020-01-06T10:00:00+01:00";1088.5893162393163
"DP1";"2020-01-06T13:00:00+01:00";944.5850427350427
"DP1";"2020-01-06T16:00:00+01:00";910.6081196581197
"DP1";"2020-01-06T19:00:00+01:00";1118.7017094017094
"DP1";"2020-01-06T22:00:00+01:00";946.3871794871795
"DP1";"2020-01-07T01:00:00+01:00";461.00085947571984
"DP1";"2020-01-07T04:00:00+01:00";424.25655594405595
"DP1";"2020-01-07T07:00:00+01:00";4094.07094017094
"DP1";"2020-01-07T10:00:00+01:00";5211.0739316239315
"DP1";"2020-01-07T13:00:00+01:00";3894.5893162393163
"DP1";"2020-01-07T16:00:00+01:00";2226.3841856467557
"DP1";"2020-01-07T19:00:00+01:00";1409.3860624198376
"DP1";"2020-01-07T22:00:00+01:00";898.7448717948718
"DP1";"2020-01-08T01:00:00+01:00";499.9888888888889
"DP1";"2020-01-08T04:00:00+01:00";496.84165542060276
"DP1";"2020-01-08T07:00:00+01:00";4302.599572649573
"DP1";"2020-01-08T10:00:00+01:00";5110.356682423721
"DP1";"2020-01-08T13:00:00+01:00";3722.2064102564104
"DP1";"2020-01-08T16:00:00+01:00";2125.125641025641
"DP1";"2020-01-08T19:00:00+01:00";1337.196153846154
"DP1";"2020-01-08T22:00:00+01:00";909.7987179487179
"DP1";"2020-01-09T01:00:00+01:00";382.71068376068376
"DP1";"2020-01-09T04:00:00+01:00";413.8179646440516
"DP1";"2020-01-09T07:00:00+01:00";3550.176622260421
"DP1";"2020-01-09T10:00:00+01:00";4671.623504273504
"DP1";"2020-01-09T13:00:00+01:00";3184.7305543618395
"DP1";"2020-01-09T16:00:00+01:00";3533.3201547056296
"DP1";"2020-01-09T19:00:00+01:00";1439.2529914529914
"DP1";"2020-01-09T22:00:00+01:00";1055.0141025641026
"DP1";"2020-01-10T01:00:00+01:00";521.667094017094
"DP1";"2020-01-10T04:00:00+01:00";402.6869522882181
"DP1";"2020-01-10T07:00:00+01:00";4360.156439066552
"DP1";"2020-01-10T10:00:00+01:00";5005.185646755479
"DP1";"2020-01-10T13:00:00+01:00";3780.8863247863246
"DP1";"2020-01-10T16:00:00+01:00";1452.1529914529915
"DP1";"2020-01-10T19:00:00+01:00";1206.0004273504273
"DP1";"2020-01-10T22:00:00+01:00";733.4777777777778
"DP1";"2020-01-11T01:00:00+01:00";313.4145299145299
"DP1";"2020-01-11T04:00:00+01:00";312.03197405004636
"DP1";"2020-01-11T07:00:00+01:00";185.11068376068377
"DP1";"2020-01-11T10:00:00+01:00";159.73846153846154
"DP1";"2020-01-11T13:00:00+01:00";193.2428694900605
"DP1";"2020-01-11T16:00:00+01:00";182.67649572649572
"DP1";"2020-01-11T19:00:00+01:00";170.35982905982905
"DP1";"2020-01-11T22:00:00+01:00";432.61856577210733
"DP1";"2020-01-12T01:00:00+01:00";461.2737430167598
"DP1";"2020-01-12T04:00:00+01:00";237.8413159167876
"DP1";"2020-01-12T07:00:00+01:00";492.79700854700855
"DP1";"2020-01-12T10:00:00+01:00";862.5995726495727
"DP1";"2020-01-12T13:00:00+01:00";738.1222222222223
"DP1";"2020-01-12T16:00:00+01:00";792.1117318435754
"DP1";"2020-01-12T19:00:00+01:00";886.9799145299145
"DP1";"2020-01-12T22:00:00+01:00";735.166737922189
"DP1";"2020-01-13T01:00:00+01:00";343.1128205128205
"DP1";"2020-01-13T04:00:00+01:00";376.2003684937817
"DP1";"2020-01-13T07:00:00+01:00";4536.758547008547
"DP1";"2020-01-13T10:00:00+01:00";5793.710683760683
"DP1";"2020-01-13T13:00:00+01:00";4120.208422862054
"DP1";"2020-01-13T16:00:00+01:00";2267.6102564102566
"DP1";"2020-01-13T19:00:00+01:00";1429.4260683760683
"DP1";"2020-01-13T22:00:00+01:00";1164.7162393162394
"DP1";"2020-01-14T01:00:00+01:00";399.71153846153845
"DP1";"2020-01-14T04:00:00+01:00";375.04783037475346
"DP1";"2020-01-14T07:00:00+01:00";3413.6995726495725
"DP1";"2020-01-14T10:00:00+01:00";4553.736324786325
"DP1";"2020-01-14T13:00:00+01:00";3332.0691877954446
"DP1";"2020-01-14T16:00:00+01:00";2077.0760636012033
"DP1";"2020-01-14T19:00:00+01:00";1309.854700854701
"DP1";"2020-01-14T22:00:00+01:00";829.5010783608915
"DP1";"2020-01-15T01:00:00+01:00";435.9448717948718
"DP1";"2020-01-15T04:00:00+01:00";453.5661729574773
"DP1";"2020-01-15T07:00:00+01:00";4357.474000859475
"DP1";"2020-01-15T10:00:00+01:00";5170.444348947142
"DP1";"2020-01-15T13:00:00+01:00";3869.478205128205
"DP1";"2020-01-15T16:00:00+01:00";2127.0111731843576
"DP1";"2020-01-15T19:00:00+01:00";1295.4491452991454
"DP1";"2020-01-15T22:00:00+01:00";991.0149572649573
"DP1";"2020-01-16T01:00:00+01:00";386.22008547008545
"DP1";"2020-01-16T04:00:00+01:00";382.7962962962963
"DP1";"2020-01-16T07:00:00+01:00";3958.4061022776104
"DP1";"2020-01-16T10:00:00+01:00";4864.791270527226
"DP1";"2020-01-16T13:00:00+01:00";3350.3192307692307
"DP1";"2020-01-16T16:00:00+01:00";3715.3294871794874
"DP1";"2020-01-16T19:00:00+01:00";1409.2879243661366
"DP1";"2020-01-16T22:00:00+01:00";873.3469475494411
"DP1";"2020-01-17T01:00:00+01:00";383.4153846153846
"DP1";"2020-01-17T04:00:00+01:00";428.5642679900744
"DP1";"2020-01-17T07:00:00+01:00";3924.841452991453
"DP1";"2020-01-17T10:00:00+01:00";4177.8586162440915
"DP1";"2020-01-17T13:00:00+01:00";3201.4679487179487
"DP1";"2020-01-17T16:00:00+01:00";1326.0576923076924
"DP1";"2020-01-17T19:00:00+01:00";1014.1871794871795
"DP1";"2020-01-17T22:00:00+01:00";653.3757523645744
"DP1";"2020-01-18T01:00:00+01:00";169.48931623931625
"DP1";"2020-01-18T04:00:00+01:00";126.83225208526413
"DP1";"2020-01-18T07:00:00+01:00";159.17008547008547
"DP1";"2020-01-18T10:00:00+01:00";278.7099269445638
"DP1";"2020-01-18T13:00:00+01:00";806.8995726495726
"DP1";"2020-01-18T16:00:00+01:00";799.7799742157284
"DP1";"2020-01-18T19:00:00+01:00";765.5658119658119
"DP1";"2020-01-18T22:00:00+01:00";511.48439504061565
"DP1";"2020-01-19T01:00:00+01:00";418.46153846153845
"DP1";"2020-01-19T04:00:00+01:00";225.1221153846154
"DP1";"2020-01-19T07:00:00+01:00";430.3919209282338
"DP1";"2020-01-19T10:00:00+01:00";895.9449935539321
"DP1";"2020-01-19T13:00:00+01:00";768.1632478632479
"DP1";"2020-01-19T16:00:00+01:00";756.0649572649572
"DP1";"2020-01-19T19:00:00+01:00";839.3517094017094
"DP1";"2020-01-19T22:00:00+01:00";595.1115384615384
"DP1";"2020-01-20T01:00:00+01:00";334.1794871794872
"DP1";"2020-01-20T04:00:00+01:00";277.2659069325736
"DP1";"2020-01-20T07:00:00+01:00";3879.8688034188035
"DP1";"2020-01-20T10:00:00+01:00";4620.2145299145295
"DP1";"2020-01-20T13:00:00+01:00";3269.3200854700854
"DP1";"2020-01-20T16:00:00+01:00";1839.7606360120326
"DP1";"2020-01-20T19:00:00+01:00";1191.6536312849162
"DP1";"2020-01-20T22:00:00+01:00";795.0116029222174
"DP1";"2020-01-21T01:00:00+01:00";349.372582724538
"DP1";"2020-01-21T04:00:00+01:00";308.0830206378987
"DP1";"2020-01-21T07:00:00+01:00";2940.6047008547007
"DP1";"2020-01-21T10:00:00+01:00";4165.245030250649
"DP1";"2020-01-21T13:00:00+01:00";3181.6128205128207
"DP1";"2020-01-21T16:00:00+01:00";2029.3305963699222
"DP1";"2020-01-21T19:00:00+01:00";1287.9286635152557
"DP1";"2020-01-21T22:00:00+01:00";726.7302405498282
"DP1";"2020-01-22T01:00:00+01:00";401.42105263157896
"DP1";"2020-01-22T04:00:00+01:00";364.7754807692308
"DP1";"2020-01-22T07:00:00+01:00";4197.224786324787
"DP1";"2020-01-22T10:00:00+01:00";4836.279059829059
"DP1";"2020-01-22T13:00:00+01:00";3438.85
"DP1";"2020-01-22T16:00:00+01:00";2049.2089743589745
"DP1";"2020-01-22T19:00:00+01:00";1256.6491452991454
"DP1";"2020-01-22T22:00:00+01:00";784.1846153846154
"DP1";"2020-01-23T01:00:00+01:00";395.89273504273507
"DP1";"2020-01-23T04:00:00+01:00";343.1210826210826
"DP1";"2020-01-23T07:00:00+01:00";3560.111965811966
"DP1";"2020-01-23T10:00:00+01:00";4532.239316239316
"DP1";"2020-01-23T13:00:00+01:00";3007.175641025641
"DP1";"2020-01-23T16:00:00+01:00";3144.058874086807
"DP1";"2020-01-23T19:00:00+01:00";1170.6893162393162
"DP1";"2020-01-23T22:00:00+01:00";607.7289439931594
"DP1";"2020-01-24T01:00:00+01:00";354.22435897435895
"DP1";"2020-01-24T04:00:00+01:00";401.32123850991775
"DP1";"2020-01-24T07:00:00+01:00";4468.052136752137
"DP1";"2020-01-24T10:00:00+01:00";4310.619230769231
"DP1";"2020-01-24T13:00:00+01:00";3157.8965811965813
"DP1";"2020-01-24T16:00:00+01:00";1189.109829059829
"DP1";"2020-01-24T19:00:00+01:00";936.6619658119658
"DP1";"2020-01-24T22:00:00+01:00";835.4401709401709
"DP1";"2020-01-25T01:00:00+01:00";470.8499358700299
"DP1";"2020-01-25T04:00:00+01:00";307.4806346243584
"DP1";"2020-01-25T07:00:00+01:00";782.3320512820513
"DP1";"2020-01-25T10:00:00+01:00";1285.1021367521369
"DP1";"2020-01-25T13:00:00+01:00";862.4017094017094
"DP1";"2020-01-25T16:00:00+01:00";848.9359690588741
"DP1";"2020-01-25T19:00:00+01:00";812.6123931623931
"DP1";"2020-01-25T22:00:00+01:00";583.7983978638184
"DP1";"2020-01-26T01:00:00+01:00";399.8677614520311
"DP1";"2020-01-26T04:00:00+01:00";193.1896853146853
"DP1";"2020-01-26T07:00:00+01:00";466.807264957265
"DP1";"2020-01-26T10:00:00+01:00";903.9188034188035
"DP1";"2020-01-26T13:00:00+01:00";696.1435897435897
"DP1";"2020-01-26T16:00:00+01:00";757.4490760636012
"DP1";"2020-01-26T19:00:00+01:00";912.0820512820513
"DP1";"2020-01-26T22:00:00+01:00";646.6414445399828
"DP1";"2020-01-27T01:00:00+01:00";395.2940170940171
"DP1";"2020-01-27T04:00:00+01:00";382.7614900822448
"DP1";"2020-01-27T07:00:00+01:00";3485.2200257842715
"DP1";"2020-01-27T10:00:00+01:00";4579.904062229905
"DP1";"2020-01-27T13:00:00+01:00";3413.987606837607
"DP1";"2020-01-27T16:00:00+01:00";2168.810683760684
"DP1";"2020-01-27T19:00:00+01:00";1471.3398058252428
"DP1";"2020-01-27T22:00:00+01:00";893.6672496720595
"DP1";"2020-01-28T01:00:00+01:00";421.6299145299145
"DP1";"2020-01-28T04:00:00+01:00";420.241610738255
"DP1";"2020-01-28T07:00:00+01:00";4062.82905982906
"DP1";"2020-01-28T10:00:00+01:00";5225.930341880342
"DP1";"2020-01-28T13:00:00+01:00";3718.8897435897434
"DP1";"2020-01-28T16:00:00+01:00";2189.1819360414866
"DP1";"2020-01-28T19:00:00+01:00";1400.9905982905982
"DP1";"2020-01-28T22:00:00+01:00";893.4091492090637
"DP1";"2020-01-29T01:00:00+01:00";448.21419127368887
"DP1";"2020-01-29T04:00:00+01:00";467.64134615384614
"DP1";"2020-01-29T07:00:00+01:00";3676.311111111111
"DP1";"2020-01-29T10:00:00+01:00";4649.795726495727
"DP1";"2020-01-29T13:00:00+01:00";3580.423931623932
"DP1";"2020-01-29T16:00:00+01:00";2174.1948717948717
"DP1";"2020-01-29T19:00:00+01:00";1362.923941227312
"DP1";"2020-01-29T22:00:00+01:00";883.153122326775
"DP1";"2020-01-30T01:00:00+01:00";349.61230636833045
"DP1";"2020-01-30T04:00:00+01:00";506.96178035800676
"DP1";"2020-01-30T07:00:00+01:00";3755.63547008547
"DP1";"2020-01-30T10:00:00+01:00";4370.044871794872
"DP1";"2020-01-30T13:00:00+01:00";3042.6388888888887
"DP1";"2020-01-30T16:00:00+01:00";3428.1961970613656
"DP1";"2020-01-30T19:00:00+01:00";1562.2064102564102
"DP1";"2020-01-30T22:00:00+01:00";1113.1197604790418
"DP1";"2020-01-31T01:00:00+01:00";578.9786324786324
"DP1";"2020-01-31T04:00:00+01:00";512.6257918552036
"DP1";"2020-01-31T07:00:00+01:00";4484.741025641026
"DP1";"2020-01-31T10:00:00+01:00";4637.039316239317
"DP1";"2020-01-31T13:00:00+01:00";3618.0068376068375
"DP1";"2020-01-31T16:00:00+01:00";1868.8982905982905
"DP1";"2020-01-31T19:00:00+01:00";1006.1987179487179
"DP1";"2020-01-31T22:00:00+01:00";138.86917486105173
"DP1";"2020-02-01T01:00:00+01:00";154.3230769230769
"DP1";"2020-02-01T04:00:00+01:00";128.24351109013685
"DP1";"2020-02-01T07:00:00+01:00";147.53162393162393
"DP1";"2020-02-01T10:00:00+01:00";128.77393162393162
"DP1";"2020-02-01T13:00:00+01:00";106.66367521367522
"DP1";"2020-02-01T16:00:00+01:00";211.36813186813185
"DP2";"2019-10-20T14:00:00+02:00";null
"DP2";"2019-10-20T17:00:00+02:00";null
"DP2";"2019-10-20T20:00:00+02:00";null
"DP2";"2019-10-20T23:00:00+02:00";null
"DP2";"2019-10-21T02:00:00+02:00";482.33016682113066
"DP2";"2019-10-21T05:00:00+02:00";613.1893162393162
"DP2";"2019-10-21T08:00:00+02:00";4026.3777777777777
"DP2";"2019-10-21T11:00:00+02:00";3713.684188034188
"DP2";"2019-10-21T14:00:00+02:00";2187.7303418803417
"DP2";"2019-10-21T17:00:00+02:00";1478.7935897435898
"DP2";"2019-10-21T20:00:00+02:00";764.7809157038939
"DP2";"2019-10-21T23:00:00+02:00";695.9585115483319
"DP2";"2019-10-22T02:00:00+02:00";513.1348416289593
"DP2";"2019-10-22T05:00:00+02:00";570.4005985463873
"DP2";"2019-10-22T08:00:00+02:00";3886.189655172414
"DP2";"2019-10-22T11:00:00+02:00";3441.347435897436
"DP2";"2019-10-22T14:00:00+02:00";2055.294017094017
"DP2";"2019-10-22T17:00:00+02:00";1352.3858974358975
"DP2";"2019-10-22T20:00:00+02:00";764.8545765611634
"DP2";"2019-10-22T23:00:00+02:00";554.0752780153978
"DP2";"2019-10-23T02:00:00+02:00";535.5556561085973
"DP2";"2019-10-23T05:00:00+02:00";624.5104745617786
"DP2";"2019-10-23T08:00:00+02:00";4220.039586919105
"DP2";"2019-10-23T11:00:00+02:00";3461.1434075342468
"DP2";"2019-10-23T14:00:00+02:00";1889.3726495726496
"DP2";"2019-10-23T17:00:00+02:00";1361.5970085470085
"DP2";"2019-10-23T20:00:00+02:00";1080.9383145091224
"DP2";"2019-10-23T23:00:00+02:00";705.6484744305974
"DP2";"2019-10-24T02:00:00+02:00";623.5886287625418
"DP2";"2019-10-24T05:00:00+02:00";796.5994001713796
"DP2";"2019-10-24T08:00:00+02:00";4580.362820512821
"DP2";"2019-10-24T11:00:00+02:00";4398.840598290598
"DP2";"2019-10-24T14:00:00+02:00";2680.2773504273505
"DP2";"2019-10-24T17:00:00+02:00";2971.095299145299
"DP2";"2019-10-24T20:00:00+02:00";1069.9341035515617
"DP2";"2019-10-24T23:00:00+02:00";889.0461538461539
"DP2";"2019-10-25T02:00:00+02:00";779.0262237762238
"DP2";"2019-10-25T05:00:00+02:00";1256.0905982905983
"DP2";"2019-10-25T08:00:00+02:00";10065.17735042735
"DP2";"2019-10-25T11:00:00+02:00";10086.159829059829
"DP2";"2019-10-25T14:00:00+02:00";5211.785042735043
"DP2";"2019-10-25T17:00:00+02:00";2190.473076923077
"DP2";"2019-10-25T20:00:00+02:00";981.1214713430282
"DP2";"2019-10-25T23:00:00+02:00";792.4354700854701
"DP2";"2019-10-26T02:00:00+02:00";541.625579240037
"DP2";"2019-10-26T05:00:00+02:00";425.9070872947277
"DP2";"2019-10-26T08:00:00+02:00";895.5051282051282
"DP2";"2019-10-26T11:00:00+02:00";1078.913675213675
"DP2";"2019-10-26T14:00:00+02:00";747.7747863247863
"DP2";"2019-10-26T17:00:00+02:00";885.6141025641026
"DP2";"2019-10-26T20:00:00+02:00";750.4412273120138
"DP2";"2019-10-26T23:00:00+02:00";540.6782051282051
"DP2";"2019-10-27T02:00:00+02:00";393.3431623931624
"DP2";"2019-10-27T04:00:00+01:00";417.2860998650472
"DP2";"2019-10-27T07:00:00+01:00";982.539979757085
"DP2";"2019-10-27T10:00:00+01:00";1019.8782051282051
"DP2";"2019-10-27T13:00:00+01:00";790.3824786324786
"DP2";"2019-10-27T16:00:00+01:00";930.3482905982906
"DP2";"2019-10-27T19:00:00+01:00";1112.332905982906
"DP2";"2019-10-27T22:00:00+01:00";926.3948717948718
"DP2";"2019-10-28T01:00:00+01:00";889.4008547008547
"DP2";"2019-10-28T04:00:00+01:00";562.8964683115627
"DP2";"2019-10-28T07:00:00+01:00";5198.159401709402
"DP2";"2019-10-28T10:00:00+01:00";7180.269658119658
"DP2";"2019-10-28T13:00:00+01:00";6157.604273504274
"DP2";"2019-10-28T16:00:00+01:00";3291.310683760684
"DP2";"2019-10-28T19:00:00+01:00";1738.2123931623933
"DP2";"2019-10-28T22:00:00+01:00";1504.9777777777779
"DP2";"2019-10-29T01:00:00+01:00";1114.1155994843145
"DP2";"2019-10-29T04:00:00+01:00";1156.7913403961309
"DP2";"2019-10-29T07:00:00+01:00";6969.589743589743
"DP2";"2019-10-29T10:00:00+01:00";7824.632905982906
"DP2";"2019-10-29T13:00:00+01:00";4123.371794871795
"DP2";"2019-10-29T16:00:00+01:00";2326.539316239316
"DP2";"2019-10-29T19:00:00+01:00";1461.3374679213002
"DP2";"2019-10-29T22:00:00+01:00";1096.7555555555555
"DP2";"2019-10-30T01:00:00+01:00";711.9470085470085
"DP2";"2019-10-30T04:00:00+01:00";566.660797034291
"DP2";"2019-10-30T07:00:00+01:00";5433.475213675214
"DP2";"2019-10-30T10:00:00+01:00";6970.505128205128
"DP2";"2019-10-30T13:00:00+01:00";4498.921367521368
"DP2";"2019-10-30T16:00:00+01:00";2183.094017094017
"DP2";"2019-10-30T19:00:00+01:00";1385.5686190679778
"DP2";"2019-10-30T22:00:00+01:00";1028.8802938634399
"DP2";"2019-10-31T01:00:00+01:00";690.9448717948718
"DP2";"2019-10-31T04:00:00+01:00";594.9004807692307
"DP2";"2019-10-31T07:00:00+01:00";4252.061111111111
"DP2";"2019-10-31T10:00:00+01:00";5545.776923076923
"DP2";"2019-10-31T13:00:00+01:00";3748.720512820513
"DP2";"2019-10-31T16:00:00+01:00";3722.176622260421
"DP2";"2019-10-31T19:00:00+01:00";1394.2108639863131
"DP2";"2019-10-31T22:00:00+01:00";1099.9786324786326
"DP2";"2019-11-01T01:00:00+01:00";761.9649572649573
"DP2";"2019-11-01T04:00:00+01:00";519.0014605647517
"DP2";"2019-11-01T07:00:00+01:00";1568.7897435897437
"DP2";"2019-11-01T10:00:00+01:00";2020.573076923077
"DP2";"2019-11-01T13:00:00+01:00";1479.5807692307692
"DP2";"2019-11-01T16:00:00+01:00";1295.1200854700855
"DP2";"2019-11-01T19:00:00+01:00";1234.549615055603
"DP2";"2019-11-01T22:00:00+01:00";896.8985818650623
"DP2";"2019-11-02T01:00:00+01:00";656.2307692307693
"DP2";"2019-11-02T04:00:00+01:00";354.7618343195266
"DP2";"2019-11-02T07:00:00+01:00";1037.858547008547
"DP2";"2019-11-02T10:00:00+01:00";1487.8910256410256
"DP2";"2019-11-02T13:00:00+01:00";1148.0029914529914
"DP2";"2019-11-02T16:00:00+01:00";1022.3188034188034
"DP2";"2019-11-02T19:00:00+01:00";947.191452991453
"DP2";"2019-11-02T22:00:00+01:00";773.3915298184961
"DP2";"2019-11-03T01:00:00+01:00";587.8435897435897
"DP2";"2019-11-03T04:00:00+01:00";341.77793904209
"DP2";"2019-11-03T07:00:00+01:00";791.090170940171
"DP2";"2019-11-03T10:00:00+01:00";1053.7076923076922
"DP2";"2019-11-03T13:00:00+01:00";919.418134937688
"DP2";"2019-11-03T16:00:00+01:00";975.9418803418804
"DP2";"2019-11-03T19:00:00+01:00";1105.4628205128206
"DP2";"2019-11-03T22:00:00+01:00";958.0713675213675
"DP2";"2019-11-04T01:00:00+01:00";642.4132478632479
"DP2";"2019-11-04T04:00:00+01:00";468.21684350132625
"DP2";"2019-11-04T07:00:00+01:00";4528.419658119658
"DP2";"2019-11-04T10:00:00+01:00";5880.220512820513
"DP2";"2019-11-04T13:00:00+01:00";4339.503846153846
"DP2";"2019-11-04T16:00:00+01:00";2633.804700854701
"DP2";"2019-11-04T19:00:00+01:00";1683.7508547008547
"DP2";"2019-11-04T22:00:00+01:00";1199.8688034188035
"DP2";"2019-11-05T01:00:00+01:00";721.2833333333333
"DP2";"2019-11-05T04:00:00+01:00";487.2939221272555
"DP2";"2019-11-05T07:00:00+01:00";4340.397008547008
"DP2";"2019-11-05T10:00:00+01:00";5941.168803418804
"DP2";"2019-11-05T13:00:00+01:00";4642.210256410256
"DP2";"2019-11-05T16:00:00+01:00";2643.301631963984
"DP2";"2019-11-05T19:00:00+01:00";1565.3917878528657
"DP2";"2019-11-05T22:00:00+01:00";1192.0742705570292
"DP2";"2019-11-06T01:00:00+01:00";716.702737940026
"DP2";"2019-11-06T04:00:00+01:00";508.19699812382737
"DP2";"2019-11-06T07:00:00+01:00";4077.1717948717946
"DP2";"2019-11-06T10:00:00+01:00";5384.7431623931625
"DP2";"2019-11-06T13:00:00+01:00";4074.090170940171
"DP2";"2019-11-06T16:00:00+01:00";2324.9333333333334
"DP2";"2019-11-06T19:00:00+01:00";1627.9888888888888
"DP2";"2019-11-06T22:00:00+01:00";986.034188034188
"DP2";"2019-11-07T01:00:00+01:00";643.972926514826
"DP2";"2019-11-07T04:00:00+01:00";505.5813326800588
"DP2";"2019-11-07T07:00:00+01:00";3582.9461538461537
"DP2";"2019-11-07T10:00:00+01:00";5115.374786324786
"DP2";"2019-11-07T13:00:00+01:00";3416.1504273504274
"DP2";"2019-11-07T16:00:00+01:00";3917.072222222222
"DP2";"2019-11-07T19:00:00+01:00";1590.5337606837606
"DP2";"2019-11-07T22:00:00+01:00";973.6021367521367
"DP2";"2019-11-08T01:00:00+01:00";674.9179487179487
"DP2";"2019-11-08T04:00:00+01:00";464.6231742940604
"DP2";"2019-11-08T07:00:00+01:00";3798.2619658119656
"DP2";"2019-11-08T10:00:00+01:00";4984.543162393163
"DP2";"2019-11-08T13:00:00+01:00";3710.8991452991454
"DP2";"2019-11-08T16:00:00+01:00";1502.3606837606837
"DP2";"2019-11-08T19:00:00+01:00";1162.0529914529914
"DP2";"2019-11-08T22:00:00+01:00";1131.0717662226043
"DP2";"2019-11-09T01:00:00+01:00";1126.4069617533305
"DP2";"2019-11-09T04:00:00+01:00";589.3536324786324
"DP2";"2019-11-09T07:00:00+01:00";1630.9692307692308
"DP2";"2019-11-09T10:00:00+01:00";2194.4918803418805
"DP2";"2019-11-09T13:00:00+01:00";1629.3055555555557
"DP2";"2019-11-09T16:00:00+01:00";1504.091452991453
"DP2";"2019-11-09T19:00:00+01:00";1693.3709401709402
"DP2";"2019-11-09T22:00:00+01:00";1388.4061022776107
"DP2";"2019-11-10T01:00:00+01:00";804.5126772668672
"DP2";"2019-11-10T04:00:00+01:00";344.2578923966207
"DP2";"2019-11-10T07:00:00+01:00";720.2940170940171
"DP2";"2019-11-10T10:00:00+01:00";1095.8935897435897
"DP2";"2019-11-10T13:00:00+01:00";928.232905982906
"DP2";"2019-11-10T16:00:00+01:00";864.2551282051282
"DP2";"2019-11-10T19:00:00+01:00";1016.7888888888889
"DP2";"2019-11-10T22:00:00+01:00";747.7961538461539
"DP2";"2019-11-11T01:00:00+01:00";564.1018478727976
"DP2";"2019-11-11T04:00:00+01:00";366.50701499758105
"DP2";"2019-11-11T07:00:00+01:00";4028.425605536332
"DP2";"2019-11-11T10:00:00+01:00";5528.593910806175
"DP2";"2019-11-11T13:00:00+01:00";4145.738289643317
"DP2";"2019-11-11T16:00:00+01:00";2379.6207781103035
"DP2";"2019-11-11T19:00:00+01:00";1564.740868070477
"DP2";"2019-11-11T22:00:00+01:00";1039.695299145299
"DP2";"2019-11-12T01:00:00+01:00";572.4943820224719
"DP2";"2019-11-12T04:00:00+01:00";390.894783377542
"DP2";"2019-11-12T07:00:00+01:00";4044.9192307692306
"DP2";"2019-11-12T10:00:00+01:00";5540.305973356252
"DP2";"2019-11-12T13:00:00+01:00";4076.889316239316
"DP2";"2019-11-12T16:00:00+01:00";2415.4486463257413
"DP2";"2019-11-12T19:00:00+01:00";1560.563061137238
"DP2";"2019-11-12T22:00:00+01:00";1004.1006884681583
"DP2";"2019-11-13T01:00:00+01:00";599.8826416778224
"DP2";"2019-11-13T04:00:00+01:00";486.9354992833254
"DP2";"2019-11-13T07:00:00+01:00";3851.6589743589743
"DP2";"2019-11-13T10:00:00+01:00";5240.969658119659
"DP2";"2019-11-13T13:00:00+01:00";3950.732051282051
"DP2";"2019-11-13T16:00:00+01:00";2483.0820512820515
"DP2";"2019-11-13T19:00:00+01:00";1615.4807692307693
"DP2";"2019-11-13T22:00:00+01:00";1089.697435897436
"DP2";"2019-11-14T01:00:00+01:00";698.9547803617571
"DP2";"2019-11-14T04:00:00+01:00";529.90522875817
"DP2";"2019-11-14T07:00:00+01:00";3644.0589743589744
"DP2";"2019-11-14T10:00:00+01:00";4941.884188034188
"DP2";"2019-11-14T13:00:00+01:00";3469.35641025641
"DP2";"2019-11-14T16:00:00+01:00";3964.0360205831903
"DP2";"2019-11-14T19:00:00+01:00";1537.9032258064517
"DP2";"2019-11-14T22:00:00+01:00";998.227447627191
"DP2";"2019-11-15T01:00:00+01:00";664.4458707744972
"DP2";"2019-11-15T04:00:00+01:00";506.88164829899375
"DP2";"2019-11-15T07:00:00+01:00";4048.325641025641
"DP2";"2019-11-15T10:00:00+01:00";5089.184188034188
"DP2";"2019-11-15T13:00:00+01:00";3758.292221744736
"DP2";"2019-11-15T16:00:00+01:00";1500.7239316239315
"DP2";"2019-11-15T19:00:00+01:00";1429.982751185856
"DP2";"2019-11-15T22:00:00+01:00";1442.2307692307693
"DP2";"2019-11-16T01:00:00+01:00";1277.9965620971207
"DP2";"2019-11-16T04:00:00+01:00";464.18054318788955
"DP2";"2019-11-16T07:00:00+01:00";938.0478632478632
"DP2";"2019-11-16T10:00:00+01:00";1103.7410256410255
"DP2";"2019-11-16T13:00:00+01:00";147.90726495726497
"DP2";"2019-11-16T16:00:00+01:00";639.13547008547
"DP2";"2019-11-16T19:00:00+01:00";973.6196581196581
"DP2";"2019-11-16T22:00:00+01:00";746.6858974358975
"DP2";"2019-11-17T01:00:00+01:00";789.1305099394987
"DP2";"2019-11-17T04:00:00+01:00";367.2476656291685
"DP2";"2019-11-17T07:00:00+01:00";898.5273504273505
"DP2";"2019-11-17T10:00:00+01:00";1245.8948717948717
"DP2";"2019-11-17T13:00:00+01:00";861.6737251512533
"DP2";"2019-11-17T16:00:00+01:00";859.4611111111111
"DP2";"2019-11-17T19:00:00+01:00";1077.219533275713
"DP2";"2019-11-17T22:00:00+01:00";879.125641025641
"DP2";"2019-11-18T01:00:00+01:00";898.8889369057908
"DP2";"2019-11-18T04:00:00+01:00";470.96693657219976
"DP2";"2019-11-18T07:00:00+01:00";4400.047721410147
"DP2";"2019-11-18T10:00:00+01:00";6180.4944444444445
"DP2";"2019-11-18T13:00:00+01:00";4340.352136752137
"DP2";"2019-11-18T16:00:00+01:00";2407.7692636986303
"DP2";"2019-11-18T19:00:00+01:00";1490.8132559264634
"DP2";"2019-11-18T22:00:00+01:00";1084.288850624193
"DP2";"2019-11-19T01:00:00+01:00";669.7646801051709
"DP2";"2019-11-19T04:00:00+01:00";518.9470338983051
"DP2";"2019-11-19T07:00:00+01:00";4483.086752136752
"DP2";"2019-11-19T10:00:00+01:00";5565.92094017094
"DP2";"2019-11-19T13:00:00+01:00";4128.427350427351
"DP2";"2019-11-19T16:00:00+01:00";2279.8662393162394
"DP2";"2019-11-19T19:00:00+01:00";1448.019734019734
"DP2";"2019-11-19T22:00:00+01:00";979.958949704142
"DP2";"2019-11-20T01:00:00+01:00";686.3218736570692
"DP2";"2019-11-20T04:00:00+01:00";530.7775824175824
"DP2";"2019-11-20T07:00:00+01:00";4270.648717948718
"DP2";"2019-11-20T10:00:00+01:00";5634.729040622299
"DP2";"2019-11-20T13:00:00+01:00";4411.832051282051
"DP2";"2019-11-20T16:00:00+01:00";2259.3615384615387
"DP2";"2019-11-20T19:00:00+01:00";1412.4439692044482
"DP2";"2019-11-20T22:00:00+01:00";1077.1151697464547
"DP2";"2019-11-21T01:00:00+01:00";643.0769230769231
"DP2";"2019-11-21T04:00:00+01:00";451.966929911155
"DP2";"2019-11-21T07:00:00+01:00";3967.6252136752137
"DP2";"2019-11-21T10:00:00+01:00";5464.5344827586205
"DP2";"2019-11-21T13:00:00+01:00";3922.685359589041
"DP2";"2019-11-21T16:00:00+01:00";4306.922222222222
"DP2";"2019-11-21T19:00:00+01:00";2193.936598163533
"DP2";"2019-11-21T22:00:00+01:00";1558.5711159737418
"DP2";"2019-11-22T01:00:00+01:00";841.9957026214009
"DP2";"2019-11-22T04:00:00+01:00";638.1758587324625
"DP2";"2019-11-22T07:00:00+01:00";6163.235897435898
"DP2";"2019-11-22T10:00:00+01:00";5255.645662494605
"DP2";"2019-11-22T13:00:00+01:00";3898.2929336188436
"DP2";"2019-11-22T16:00:00+01:00";1450.9387317909168
"DP2";"2019-11-22T19:00:00+01:00";1368.5803418803418
"DP2";"2019-11-22T22:00:00+01:00";1208.0017094017094
"DP2";"2019-11-23T01:00:00+01:00";762.2796901893288
"DP2";"2019-11-23T04:00:00+01:00";481.73515092502436
"DP2";"2019-11-23T07:00:00+01:00";1046.684188034188
"DP2";"2019-11-23T10:00:00+01:00";1373.1298415492959
"DP2";"2019-11-23T13:00:00+01:00";1139.2744425385936
"DP2";"2019-11-23T16:00:00+01:00";1243.9747215081404
"DP2";"2019-11-23T19:00:00+01:00";1134.7615384615385
"DP2";"2019-11-23T22:00:00+01:00";873.8426286208387
"DP2";"2019-11-24T01:00:00+01:00";745.4064403829417
"DP2";"2019-11-24T04:00:00+01:00";434.49714557564226
"DP2";"2019-11-24T07:00:00+01:00";null
"DP2";"2019-11-24T10:00:00+01:00";null
"DP2";"2019-11-24T13:00:00+01:00";null
"DP2";"2019-11-24T16:00:00+01:00";null
"DP2";"2019-11-24T19:00:00+01:00";null
"DP2";"2019-11-24T22:00:00+01:00";null
"DP2";"2019-11-25T01:00:00+01:00";null
"DP2";"2019-11-25T04:00:00+01:00";null
"DP2";"2019-11-25T07:00:00+01:00";6971.486896551724
"DP2";"2019-11-25T10:00:00+01:00";6140.777395788569
"DP2";"2019-11-25T13:00:00+01:00";4657.268803418803
"DP2";"2019-11-25T16:00:00+01:00";2566.5692307692307
"DP2";"2019-11-25T19:00:00+01:00";1729.3612542955327
"DP2";"2019-11-25T22:00:00+01:00";1173.886735572782
"DP2";"2019-11-26T01:00:00+01:00";636.9760973489787
"DP2";"2019-11-26T04:00:00+01:00";439.766696349065
"DP2";"2019-11-26T07:00:00+01:00";4461.38547008547
"DP2";"2019-11-26T10:00:00+01:00";5918.541060735672
"DP2";"2019-11-26T13:00:00+01:00";4180.567521367521
"DP2";"2019-11-26T16:00:00+01:00";2496.2555555555555
"DP2";"2019-11-26T19:00:00+01:00";1405.308996088657
"DP2";"2019-11-26T22:00:00+01:00";1005.3472103004292
"DP2";"2019-11-27T01:00:00+01:00";604.5094017094017
"DP2";"2019-11-27T04:00:00+01:00";336.468778280543
"DP2";"2019-11-27T07:00:00+01:00";5374.182261768083
"DP2";"2019-11-27T10:00:00+01:00";5836.170512820513
"DP2";"2019-11-27T13:00:00+01:00";4446.306837606838
"DP2";"2019-11-27T16:00:00+01:00";2651.6760683760685
"DP2";"2019-11-27T19:00:00+01:00";1695.2598290598291
"DP2";"2019-11-27T22:00:00+01:00";1260.8204360837965
"DP2";"2019-11-28T01:00:00+01:00";723.2483884830253
"DP2";"2019-11-28T04:00:00+01:00";481.0724067599067
"DP2";"2019-11-28T07:00:00+01:00";4460.2294871794875
"DP2";"2019-11-28T10:00:00+01:00";5993.102991452992
"DP2";"2019-11-28T13:00:00+01:00";4728.575641025641
"DP2";"2019-11-28T16:00:00+01:00";4755.603418803419
"DP2";"2019-11-28T19:00:00+01:00";1851.7211001289213
"DP2";"2019-11-28T22:00:00+01:00";1447.1128205128205
"DP2";"2019-11-29T01:00:00+01:00";722.5051858254105
"DP2";"2019-11-29T04:00:00+01:00";600.6826318335752
"DP2";"2019-11-29T07:00:00+01:00";5317.0263612791705
"DP2";"2019-11-29T10:00:00+01:00";6875.819658119658
"DP2";"2019-11-29T13:00:00+01:00";5364.47905982906
"DP2";"2019-11-29T16:00:00+01:00";2024.6482905982905
"DP2";"2019-11-29T19:00:00+01:00";1700.5337606837606
"DP2";"2019-11-29T22:00:00+01:00";1149.9419853889128
"DP2";"2019-11-30T01:00:00+01:00";709.4115601912212
"DP2";"2019-11-30T04:00:00+01:00";446.8747252747253
"DP2";"2019-11-30T07:00:00+01:00";1114.6897292651483
"DP2";"2019-11-30T10:00:00+01:00";1560.3619658119658
"DP2";"2019-11-30T13:00:00+01:00";1288.2790598290599
"DP2";"2019-11-30T16:00:00+01:00";1305.640170940171
"DP2";"2019-11-30T19:00:00+01:00";1315.95
"DP2";"2019-11-30T22:00:00+01:00";1086.782122905028
"DP2";"2019-12-01T01:00:00+01:00";731.7178046672428
"DP2";"2019-12-01T04:00:00+01:00";435.17956171735244
"DP2";"2019-12-01T07:00:00+01:00";1189.2106837606837
"DP2";"2019-12-01T10:00:00+01:00";1920.8685002148688
"DP2";"2019-12-01T13:00:00+01:00";1318.7128205128206
"DP2";"2019-12-01T16:00:00+01:00";1420.0358974358974
"DP2";"2019-12-01T19:00:00+01:00";1669.104700854701
"DP2";"2019-12-01T22:00:00+01:00";1275.193618881119
"DP2";"2019-12-02T01:00:00+01:00";647.7675213675213
"DP2";"2019-12-02T04:00:00+01:00";562.3590555014606
"DP2";"2019-12-02T07:00:00+01:00";4841.761538461538
"DP2";"2019-12-02T10:00:00+01:00";7205.969230769231
"DP2";"2019-12-02T13:00:00+01:00";5287.141025641025
"DP2";"2019-12-02T16:00:00+01:00";3039.1188034188035
"DP2";"2019-12-02T19:00:00+01:00";2152.2093576526568
"DP2";"2019-12-02T22:00:00+01:00";1385.8848824786326
"DP2";"2019-12-03T01:00:00+01:00";668.3264069264069
"DP2";"2019-12-03T04:00:00+01:00";603.8061360604713
"DP2";"2019-12-03T07:00:00+01:00";4311.214102564102
"DP2";"2019-12-03T10:00:00+01:00";6109.713675213675
"DP2";"2019-12-03T13:00:00+01:00";4463.014957264957
"DP2";"2019-12-03T16:00:00+01:00";2798.8410256410257
"DP2";"2019-12-03T19:00:00+01:00";1929.5576923076924
"DP2";"2019-12-03T22:00:00+01:00";1863.0324786324786
"DP2";"2019-12-04T01:00:00+01:00";729.982905982906
"DP2";"2019-12-04T04:00:00+01:00";700.3921616358325
"DP2";"2019-12-04T07:00:00+01:00";5787.8239316239315
"DP2";"2019-12-04T10:00:00+01:00";10046.738461538462
"DP2";"2019-12-04T13:00:00+01:00";7384.247008547009
"DP2";"2019-12-04T16:00:00+01:00";3800.8555555555554
"DP2";"2019-12-04T19:00:00+01:00";2234.847370671227
"DP2";"2019-12-04T22:00:00+01:00";1627.5251396648046
"DP2";"2019-12-05T01:00:00+01:00";729.6803418803419
"DP2";"2019-12-05T04:00:00+01:00";816.4211932324132
"DP2";"2019-12-05T07:00:00+01:00";5282.749145299145
"DP2";"2019-12-05T10:00:00+01:00";7091.785378366823
"DP2";"2019-12-05T13:00:00+01:00";5066.265811965812
"DP2";"2019-12-05T16:00:00+01:00";4781.780341880341
"DP2";"2019-12-05T19:00:00+01:00";1845.4820512820513
"DP2";"2019-12-05T22:00:00+01:00";616.3433289873968
"DP2";"2019-12-06T01:00:00+01:00";277.80683760683763
"DP2";"2019-12-06T04:00:00+01:00";463.68645973909133
"DP2";"2019-12-06T07:00:00+01:00";1019.8591992802519
"DP2";"2019-12-06T10:00:00+01:00";1433.7663461538461
"DP2";"2019-12-06T13:00:00+01:00";1222.7320954907161
"DP2";"2019-12-06T16:00:00+01:00";1096.2303394929093
"DP2";"2019-12-06T19:00:00+01:00";1122.9048435490784
"DP2";"2019-12-06T22:00:00+01:00";964.4496990541702
"DP2";"2019-12-07T01:00:00+01:00";554.251282051282
"DP2";"2019-12-07T04:00:00+01:00";399.2805999032414
"DP2";"2019-12-07T07:00:00+01:00";823.392735042735
"DP2";"2019-12-07T10:00:00+01:00";1293.5850427350426
"DP2";"2019-12-07T13:00:00+01:00";1023.5226495726496
"DP2";"2019-12-07T16:00:00+01:00";912.6038461538461
"DP2";"2019-12-07T19:00:00+01:00";1046.9755049419855
"DP2";"2019-12-07T22:00:00+01:00";1008.0547008547009
"DP2";"2019-12-08T01:00:00+01:00";580.4137331594959
"DP2";"2019-12-08T04:00:00+01:00";319.31327543424317
"DP2";"2019-12-08T07:00:00+01:00";948.7393162393162
"DP2";"2019-12-08T10:00:00+01:00";1045.7483953786907
"DP2";"2019-12-08T13:00:00+01:00";926.9798715203426
"DP2";"2019-12-08T16:00:00+01:00";938.6606837606838
"DP2";"2019-12-08T19:00:00+01:00";1175.5611111111111
"DP2";"2019-12-08T22:00:00+01:00";1428.390296264491
"DP2";"2019-12-09T01:00:00+01:00";850.7888117953165
"DP2";"2019-12-09T04:00:00+01:00";512.6118881118881
"DP2";"2019-12-09T07:00:00+01:00";2974.227214377407
"DP2";"2019-12-09T10:00:00+01:00";4440.511961722488
"DP2";"2019-12-09T13:00:00+01:00";3240.208547008547
"DP2";"2019-12-09T16:00:00+01:00";2123.576923076923
"DP2";"2019-12-09T19:00:00+01:00";1521.4688440051568
"DP2";"2019-12-09T22:00:00+01:00";1282.445023902651
"DP2";"2019-12-10T01:00:00+01:00";632.3390631714655
"DP2";"2019-12-10T04:00:00+01:00";643.136621047664
"DP2";"2019-12-10T07:00:00+01:00";4566.608974358975
"DP2";"2019-12-10T10:00:00+01:00";5858.684346701164
"DP2";"2019-12-10T13:00:00+01:00";4243.393298059965
"DP2";"2019-12-10T16:00:00+01:00";2654.263835263835
"DP2";"2019-12-10T19:00:00+01:00";1704.1311965811965
"DP2";"2019-12-10T22:00:00+01:00";1091.7282051282052
"DP2";"2019-12-11T01:00:00+01:00";425.3626987537602
"DP2";"2019-12-11T04:00:00+01:00";488.8591346153846
"DP2";"2019-12-11T07:00:00+01:00";3270.9931241942413
"DP2";"2019-12-11T10:00:00+01:00";4632.259100642398
"DP2";"2019-12-11T13:00:00+01:00";3784.542806707855
"DP2";"2019-12-11T16:00:00+01:00";2107.3400687876183
"DP2";"2019-12-11T19:00:00+01:00";1515.2452991452992
"DP2";"2019-12-11T22:00:00+01:00";1005.645036527718
"DP2";"2019-12-12T01:00:00+01:00";584.0064460678985
"DP2";"2019-12-12T04:00:00+01:00";501.9882847038019
"DP2";"2019-12-12T07:00:00+01:00";3122.575418994413
"DP2";"2019-12-12T10:00:00+01:00";4692.009401709402
"DP2";"2019-12-12T13:00:00+01:00";3149.898275862069
"DP2";"2019-12-12T16:00:00+01:00";3545.837088388215
"DP2";"2019-12-12T19:00:00+01:00";1538.013247863248
"DP2";"2019-12-12T22:00:00+01:00";875.9410256410256
"DP2";"2019-12-13T01:00:00+01:00";459.5058014611087
"DP2";"2019-12-13T04:00:00+01:00";459.7730769230769
"DP2";"2019-12-13T07:00:00+01:00";3274.437981180496
"DP2";"2019-12-13T10:00:00+01:00";4631.912820512821
"DP2";"2019-12-13T13:00:00+01:00";3231.0400348128805
"DP2";"2019-12-13T16:00:00+01:00";1454.694017094017
"DP2";"2019-12-13T19:00:00+01:00";1248.9068376068376
"DP2";"2019-12-13T22:00:00+01:00";825.8434559452523
"DP2";"2019-12-14T01:00:00+01:00";524.821645021645
"DP2";"2019-12-14T04:00:00+01:00";441.49411764705883
"DP2";"2019-12-14T07:00:00+01:00";894.5857327030511
"DP2";"2019-12-14T10:00:00+01:00";1287.9047008547009
"DP2";"2019-12-14T13:00:00+01:00";1027.7692307692307
"DP2";"2019-12-14T16:00:00+01:00";982.0196581196582
"DP2";"2019-12-14T19:00:00+01:00";882.4657022865142
"DP2";"2019-12-14T22:00:00+01:00";743.6773504273505
"DP2";"2019-12-15T01:00:00+01:00";538.5420802762193
"DP2";"2019-12-15T04:00:00+01:00";316.8325266214908
"DP2";"2019-12-15T07:00:00+01:00";709.1884615384615
"DP2";"2019-12-15T10:00:00+01:00";1092.211965811966
"DP2";"2019-12-15T13:00:00+01:00";890.6641025641026
"DP2";"2019-12-15T16:00:00+01:00";1066.281623931624
"DP2";"2019-12-15T19:00:00+01:00";1158.3132478632479
"DP2";"2019-12-15T22:00:00+01:00";881.5346153846153
"DP2";"2019-12-16T01:00:00+01:00";459.99613235926086
"DP2";"2019-12-16T04:00:00+01:00";394.2305456171735
"DP2";"2019-12-16T07:00:00+01:00";3450.9461538461537
"DP2";"2019-12-16T10:00:00+01:00";4904.37711313394
"DP2";"2019-12-16T13:00:00+01:00";4348.9678546471
"DP2";"2019-12-16T16:00:00+01:00";1764.681647940075
"DP2";"2019-12-16T19:00:00+01:00";1681.5266608391607
"DP2";"2019-12-16T22:00:00+01:00";1528.1317157712306
"DP2";"2019-12-17T01:00:00+01:00";550.8081116441343
"DP2";"2019-12-17T04:00:00+01:00";681.8986354775828
"DP2";"2019-12-17T07:00:00+01:00";5737.864013992129
"DP2";"2019-12-17T10:00:00+01:00";7700.716181506849
"DP2";"2019-12-17T13:00:00+01:00";5524.279487179487
"DP2";"2019-12-17T16:00:00+01:00";3511.090170940171
"DP2";"2019-12-17T19:00:00+01:00";2167.133333333333
"DP2";"2019-12-17T22:00:00+01:00";1670.981623931624
"DP2";"2019-12-18T01:00:00+01:00";620.3692307692307
"DP2";"2019-12-18T04:00:00+01:00";849.5404089581305
"DP2";"2019-12-18T07:00:00+01:00";7237.4123931623935
"DP2";"2019-12-18T10:00:00+01:00";7749.473931623932
"DP2";"2019-12-18T13:00:00+01:00";5660.502793296089
"DP2";"2019-12-18T16:00:00+01:00";3006.5799145299147
"DP2";"2019-12-18T19:00:00+01:00";1352.7311965811966
"DP2";"2019-12-18T22:00:00+01:00";1140.6467065868264
"DP2";"2019-12-19T01:00:00+01:00";498.29565964761497
"DP2";"2019-12-19T04:00:00+01:00";765.2376784891756
"DP2";"2019-12-19T07:00:00+01:00";5649.296153846154
"DP2";"2019-12-19T10:00:00+01:00";7874.678632478633
"DP2";"2019-12-19T13:00:00+01:00";5720.187606837607
"DP2";"2019-12-19T16:00:00+01:00";2997.4982905982906
"DP2";"2019-12-19T19:00:00+01:00";2070.6978942844867
"DP2";"2019-12-19T22:00:00+01:00";1810.7342477496786
"DP2";"2019-12-20T01:00:00+01:00";923.3474358974358
"DP2";"2019-12-20T04:00:00+01:00";921.9488772097468
"DP2";"2019-12-20T07:00:00+01:00";5700.388888888889
"DP2";"2019-12-20T10:00:00+01:00";7197.255982905983
"DP2";"2019-12-20T13:00:00+01:00";5133.302535453374
"DP2";"2019-12-20T16:00:00+01:00";2281.871794871795
"DP2";"2019-12-20T19:00:00+01:00";1907.2833333333333
"DP2";"2019-12-20T22:00:00+01:00";1252.6241758241758
"DP2";"2019-12-21T01:00:00+01:00";891.6904315196998
"DP2";"2019-12-21T04:00:00+01:00";807.3244416873449
"DP2";"2019-12-21T07:00:00+01:00";2504.882905982906
"DP2";"2019-12-21T10:00:00+01:00";3280.2615384615383
"DP2";"2019-12-21T13:00:00+01:00";2780.936752136752
"DP2";"2019-12-21T16:00:00+01:00";2590.7517094017094
"DP2";"2019-12-21T19:00:00+01:00";2467.8094017094018
"DP2";"2019-12-21T22:00:00+01:00";1824.909829059829
"DP2";"2019-12-22T01:00:00+01:00";1106.051282051282
"DP2";"2019-12-22T04:00:00+01:00";581.3032458870609
"DP2";"2019-12-22T07:00:00+01:00";1526.6638506002669
"DP2";"2019-12-22T10:00:00+01:00";2822.2610198789976
"DP2";"2019-12-22T13:00:00+01:00";2397.191655801825
"DP2";"2019-12-22T16:00:00+01:00";2374.9166666666665
"DP2";"2019-12-22T19:00:00+01:00";2746.4130244755243
"DP2";"2019-12-22T22:00:00+01:00";2157.5
"DP2";"2019-12-23T01:00:00+01:00";1102.9957264957266
"DP2";"2019-12-23T04:00:00+01:00";512.8538945331399
"DP2";"2019-12-23T07:00:00+01:00";5454.160683760684
"DP2";"2019-12-23T10:00:00+01:00";7064.7431623931625
"DP2";"2019-12-23T13:00:00+01:00";5206.028362698754
"DP2";"2019-12-23T16:00:00+01:00";2967.8388483025356
"DP2";"2019-12-23T19:00:00+01:00";1913.7888888888888
"DP2";"2019-12-23T22:00:00+01:00";1407.3641025641025
"DP2";"2019-12-24T01:00:00+01:00";712.1000855431993
"DP2";"2019-12-24T04:00:00+01:00";622.8547008547008
"DP2";"2019-12-24T07:00:00+01:00";4778.707264957265
"DP2";"2019-12-24T10:00:00+01:00";6501.477777777778
"DP2";"2019-12-24T13:00:00+01:00";3631.15
"DP2";"2019-12-24T16:00:00+01:00";1526.8854700854702
"DP2";"2019-12-24T19:00:00+01:00";1030.4721746575342
"DP2";"2019-12-24T22:00:00+01:00";695.9965811965812
"DP2";"2019-12-25T01:00:00+01:00";835.7589743589743
"DP2";"2019-12-25T04:00:00+01:00";626.7842617152962
"DP2";"2019-12-25T07:00:00+01:00";895.8982905982906
"DP2";"2019-12-25T10:00:00+01:00";1480.4838848302536
"DP2";"2019-12-25T13:00:00+01:00";966.5767082079931
"DP2";"2019-12-25T16:00:00+01:00";1027.0567253975075
"DP2";"2019-12-25T19:00:00+01:00";1396.4346153846154
"DP2";"2019-12-25T22:00:00+01:00";1127.6833910034602
"DP2";"2019-12-26T01:00:00+01:00";670.7371794871794
"DP2";"2019-12-26T04:00:00+01:00";504.6497849976111
"DP2";"2019-12-26T07:00:00+01:00";3124.624358974359
"DP2";"2019-12-26T10:00:00+01:00";4772.134188034188
"DP2";"2019-12-26T13:00:00+01:00";3399.5106837606836
"DP2";"2019-12-26T16:00:00+01:00";1966.2576923076922
"DP2";"2019-12-26T19:00:00+01:00";1779.7431623931625
"DP2";"2019-12-26T22:00:00+01:00";1355.327030511388
"DP2";"2019-12-27T01:00:00+01:00";758.3197249677696
"DP2";"2019-12-27T04:00:00+01:00";523.4064028457092
"DP2";"2019-12-27T07:00:00+01:00";5018.609368285346
"DP2";"2019-12-27T10:00:00+01:00";6710.99358974359
"DP2";"2019-12-27T13:00:00+01:00";4963.710890233362
"DP2";"2019-12-27T16:00:00+01:00";2273.5213675213677
"DP2";"2019-12-27T19:00:00+01:00";1852.0076988879384
"DP2";"2019-12-27T22:00:00+01:00";1308.6192307692309
"DP2";"2019-12-28T01:00:00+01:00";797.6807047700903
"DP2";"2019-12-28T04:00:00+01:00";504.5149934810952
"DP2";"2019-12-28T07:00:00+01:00";1276.0996991834982
"DP2";"2019-12-28T10:00:00+01:00";2154.7022471910113
"DP2";"2019-12-28T13:00:00+01:00";1522.5784271594327
"DP2";"2019-12-28T16:00:00+01:00";1366.5089743589745
"DP2";"2019-12-28T19:00:00+01:00";1446.1786324786324
"DP2";"2019-12-28T22:00:00+01:00";1053.3384946236558
"DP2";"2019-12-29T01:00:00+01:00";672.4735042735043
"DP2";"2019-12-29T04:00:00+01:00";351.2861342479177
"DP2";"2019-12-29T07:00:00+01:00";826.2081196581197
"DP2";"2019-12-29T10:00:00+01:00";1568.9166666666667
"DP2";"2019-12-29T13:00:00+01:00";1336.5328749462828
"DP2";"2019-12-29T16:00:00+01:00";1349.8564102564103
"DP2";"2019-12-29T19:00:00+01:00";1484.2102564102563
"DP2";"2019-12-29T22:00:00+01:00";1222.1538131962297
"DP2";"2019-12-30T01:00:00+01:00";676.2608508809626
"DP2";"2019-12-30T04:00:00+01:00";615.1288343558282
"DP2";"2019-12-30T07:00:00+01:00";5242.434188034188
"DP2";"2019-12-30T10:00:00+01:00";7402.015384615384
"DP2";"2019-12-30T13:00:00+01:00";5683.947163274144
"DP2";"2019-12-30T16:00:00+01:00";3399.241452991453
"DP2";"2019-12-30T19:00:00+01:00";2214.146540610228
"DP2";"2019-12-30T22:00:00+01:00";1623.58547008547
"DP2";"2019-12-31T01:00:00+01:00";848.5641573994867
"DP2";"2019-12-31T04:00:00+01:00";619.8942869995501
"DP2";"2019-12-31T07:00:00+01:00";4423.542307692308
"DP2";"2019-12-31T10:00:00+01:00";6415.920068758058
"DP2";"2019-12-31T13:00:00+01:00";3596.5517094017096
"DP2";"2019-12-31T16:00:00+01:00";1898.3457264957265
"DP2";"2019-12-31T19:00:00+01:00";1209.9850427350427
"DP2";"2019-12-31T22:00:00+01:00";839.4769495906937
"DP2";"2020-01-01T01:00:00+01:00";1089.2034188034188
"DP2";"2020-01-01T04:00:00+01:00";589.5165622202328
"DP2";"2020-01-01T07:00:00+01:00";1021.5259991405243
"DP2";"2020-01-01T10:00:00+01:00";2433.6248388483027
"DP2";"2020-01-01T13:00:00+01:00";1815.8957264957264
"DP2";"2020-01-01T16:00:00+01:00";1781.4089743589743
"DP2";"2020-01-01T19:00:00+01:00";2210.133333333333
"DP2";"2020-01-01T22:00:00+01:00";1500.040170940171
"DP2";"2020-01-02T01:00:00+01:00";684.3803418803419
"DP2";"2020-01-02T04:00:00+01:00";584.1920649233543
"DP2";"2020-01-02T07:00:00+01:00";5774.874358974359
"DP2";"2020-01-02T10:00:00+01:00";7758.586752136752
"DP2";"2020-01-02T13:00:00+01:00";5805.512393162393
"DP2";"2020-01-02T16:00:00+01:00";3711.1555555555556
"DP2";"2020-01-02T19:00:00+01:00";2680.5910256410257
"DP2";"2020-01-02T22:00:00+01:00";1888.9221505376345
"DP2";"2020-01-03T01:00:00+01:00";891.7910256410256
"DP2";"2020-01-03T04:00:00+01:00";723.1615384615385
"DP2";"2020-01-03T07:00:00+01:00";5377.782478632479
"DP2";"2020-01-03T10:00:00+01:00";6995.587179487179
"DP2";"2020-01-03T13:00:00+01:00";5185.748290598291
"DP2";"2020-01-03T16:00:00+01:00";2483.05
"DP2";"2020-01-03T19:00:00+01:00";2032.4769230769232
"DP2";"2020-01-03T22:00:00+01:00";1340.9811965811966
"DP2";"2020-01-04T01:00:00+01:00";775.3183760683761
"DP2";"2020-01-04T04:00:00+01:00";470.00900681596886
"DP2";"2020-01-04T07:00:00+01:00";1452.1598624838848
"DP2";"2020-01-04T10:00:00+01:00";2512.467094017094
"DP2";"2020-01-04T13:00:00+01:00";1847.3760683760684
"DP2";"2020-01-04T16:00:00+01:00";1879.1384615384616
"DP2";"2020-01-04T19:00:00+01:00";1754.6722027972028
"DP2";"2020-01-04T22:00:00+01:00";1219.6568376068376
"DP2";"2020-01-05T01:00:00+01:00";824.5452991452992
"DP2";"2020-01-05T04:00:00+01:00";446.1046153846154
"DP2";"2020-01-05T07:00:00+01:00";969.9381177481736
"DP2";"2020-01-05T10:00:00+01:00";1883.2021367521368
"DP2";"2020-01-05T13:00:00+01:00";1549.940170940171
"DP2";"2020-01-05T16:00:00+01:00";1457.154705629566
"DP2";"2020-01-05T19:00:00+01:00";1248.813493768801
"DP2";"2020-01-05T22:00:00+01:00";1192.423076923077
"DP2";"2020-01-06T01:00:00+01:00";797.6482905982906
"DP2";"2020-01-06T04:00:00+01:00";473.10698496905394
"DP2";"2020-01-06T07:00:00+01:00";1009.7444444444444
"DP2";"2020-01-06T10:00:00+01:00";1834.797435897436
"DP2";"2020-01-06T13:00:00+01:00";1467.7559088955736
"DP2";"2020-01-06T16:00:00+01:00";1659.5649572649572
"DP2";"2020-01-06T19:00:00+01:00";1989.5051282051281
"DP2";"2020-01-06T22:00:00+01:00";1513.6679487179488
"DP2";"2020-01-07T01:00:00+01:00";751.5169746454662
"DP2";"2020-01-07T04:00:00+01:00";551.1072527472528
"DP2";"2020-01-07T07:00:00+01:00";5923.846153846154
"DP2";"2020-01-07T10:00:00+01:00";8114.967948717948
"DP2";"2020-01-07T13:00:00+01:00";6107.538461538462
"DP2";"2020-01-07T16:00:00+01:00";3678.6394499355392
"DP2";"2020-01-07T19:00:00+01:00";2373.8149572649572
"DP2";"2020-01-07T22:00:00+01:00";1590.074358974359
"DP2";"2020-01-08T01:00:00+01:00";822.4510474561779
"DP2";"2020-01-08T04:00:00+01:00";628.080971659919
"DP2";"2020-01-08T07:00:00+01:00";6166.709497206704
"DP2";"2020-01-08T10:00:00+01:00";7996.043647363872
"DP2";"2020-01-08T13:00:00+01:00";5821.964957264957
"DP2";"2020-01-08T16:00:00+01:00";3428.8252136752135
"DP2";"2020-01-08T19:00:00+01:00";2342.6371794871793
"DP2";"2020-01-08T22:00:00+01:00";1598.3179487179486
"DP2";"2020-01-09T01:00:00+01:00";726.3393162393162
"DP2";"2020-01-09T04:00:00+01:00";587.6913521261347
"DP2";"2020-01-09T07:00:00+01:00";5404.206274172755
"DP2";"2020-01-09T10:00:00+01:00";7571.0348087666525
"DP2";"2020-01-09T13:00:00+01:00";5209.056725397508
"DP2";"2020-01-09T16:00:00+01:00";5592.856957649093
"DP2";"2020-01-09T19:00:00+01:00";2541.386752136752
"DP2";"2020-01-09T22:00:00+01:00";1888.627887082977
"DP2";"2020-01-10T01:00:00+01:00";866.8899871078642
"DP2";"2020-01-10T04:00:00+01:00";803.0506329113924
"DP2";"2020-01-10T07:00:00+01:00";6410.36183927804
"DP2";"2020-01-10T10:00:00+01:00";7984.930812204555
"DP2";"2020-01-10T13:00:00+01:00";5936.147008547008
"DP2";"2020-01-10T16:00:00+01:00";2473.299572649573
"DP2";"2020-01-10T19:00:00+01:00";2010.959829059829
"DP2";"2020-01-10T22:00:00+01:00";1384.5577997421574
"DP2";"2020-01-11T01:00:00+01:00";610.7878528656972
"DP2";"2020-01-11T04:00:00+01:00";344.2789620018536
"DP2";"2020-01-11T07:00:00+01:00";161.51538461538462
"DP2";"2020-01-11T10:00:00+01:00";186.10299145299146
"DP2";"2020-01-11T13:00:00+01:00";156.91405242801892
"DP2";"2020-01-11T16:00:00+01:00";164.41752136752137
"DP2";"2020-01-11T19:00:00+01:00";160.31410256410257
"DP2";"2020-01-11T22:00:00+01:00";794.0465934065934
"DP2";"2020-01-12T01:00:00+01:00";670.3588311130211
"DP2";"2020-01-12T04:00:00+01:00";394.49056603773585
"DP2";"2020-01-12T07:00:00+01:00";849.3641025641026
"DP2";"2020-01-12T10:00:00+01:00";1620.2054146970347
"DP2";"2020-01-12T13:00:00+01:00";1398.036752136752
"DP2";"2020-01-12T16:00:00+01:00";1484.168457241083
"DP2";"2020-01-12T19:00:00+01:00";1662.9531585732702
"DP2";"2020-01-12T22:00:00+01:00";1239.623287671233
"DP2";"2020-01-13T01:00:00+01:00";684.9521367521368
"DP2";"2020-01-13T04:00:00+01:00";482.52641334569046
"DP2";"2020-01-13T07:00:00+01:00";6557.782478632479
"DP2";"2020-01-13T10:00:00+01:00";8729.016239316239
"DP2";"2020-01-13T13:00:00+01:00";6252.8388888888885
"DP2";"2020-01-13T16:00:00+01:00";3742.9918803418805
"DP2";"2020-01-13T19:00:00+01:00";2265.8534188034187
"DP2";"2020-01-13T22:00:00+01:00";1823.1145299145298
"DP2";"2020-01-14T01:00:00+01:00";748.3709401709401
"DP2";"2020-01-14T04:00:00+01:00";607.3081822635962
"DP2";"2020-01-14T07:00:00+01:00";5213.529437043404
"DP2";"2020-01-14T10:00:00+01:00";7359.960683760683
"DP2";"2020-01-14T13:00:00+01:00";5447.188034188034
"DP2";"2020-01-14T16:00:00+01:00";3466.1336484744306
"DP2";"2020-01-14T19:00:00+01:00";2291.3435897435897
"DP2";"2020-01-14T22:00:00+01:00";1353.5913461538462
"DP2";"2020-01-15T01:00:00+01:00";613.368376068376
"DP2";"2020-01-15T04:00:00+01:00";558.2489249880555
"DP2";"2020-01-15T07:00:00+01:00";6357.195299145299
"DP2";"2020-01-15T10:00:00+01:00";7980.849145299146
"DP2";"2020-01-15T13:00:00+01:00";5962.2431623931625
"DP2";"2020-01-15T16:00:00+01:00";3449.632051282051
"DP2";"2020-01-15T19:00:00+01:00";2157.4482905982904
"DP2";"2020-01-15T22:00:00+01:00";1589.0192307692307
"DP2";"2020-01-16T01:00:00+01:00";716.4367521367521
"DP2";"2020-01-16T04:00:00+01:00";646.0052556139512
"DP2";"2020-01-16T07:00:00+01:00";5911.430341880342
"DP2";"2020-01-16T10:00:00+01:00";7473.541054451167
"DP2";"2020-01-16T13:00:00+01:00";5327.769658119658
"DP2";"2020-01-16T16:00:00+01:00";5709.979914529915
"DP2";"2020-01-16T19:00:00+01:00";2474.575418994413
"DP2";"2020-01-16T22:00:00+01:00";1376.9260850880962
"DP2";"2020-01-17T01:00:00+01:00";687.1482595616674
"DP2";"2020-01-17T04:00:00+01:00";567.3369727047146
"DP2";"2020-01-17T07:00:00+01:00";5702.0901709401705
"DP2";"2020-01-17T10:00:00+01:00";6627.232905982906
"DP2";"2020-01-17T13:00:00+01:00";5130.819230769231
"DP2";"2020-01-17T16:00:00+01:00";2241.66452991453
"DP2";"2020-01-17T19:00:00+01:00";1786.8991452991454
"DP2";"2020-01-17T22:00:00+01:00";1140.9596046411689
"DP2";"2020-01-18T01:00:00+01:00";154.23846153846154
"DP2";"2020-01-18T04:00:00+01:00";177.01612160294795
"DP2";"2020-01-18T07:00:00+01:00";147.46755479157713
"DP2";"2020-01-18T10:00:00+01:00";467.29487179487177
"DP2";"2020-01-18T13:00:00+01:00";1373.3294871794872
"DP2";"2020-01-18T16:00:00+01:00";1354.4482905982907
"DP2";"2020-01-18T19:00:00+01:00";1355.6888888888889
"DP2";"2020-01-18T22:00:00+01:00";960.6920444824636
"DP2";"2020-01-19T01:00:00+01:00";649.2441659464131
"DP2";"2020-01-19T04:00:00+01:00";354.9677884615385
"DP2";"2020-01-19T07:00:00+01:00";782.5410399656209
"DP2";"2020-01-19T10:00:00+01:00";1445.1294871794871
"DP2";"2020-01-19T13:00:00+01:00";1194.309829059829
"DP2";"2020-01-19T16:00:00+01:00";1264.2521367521367
"DP2";"2020-01-19T19:00:00+01:00";1510.2508547008547
"DP2";"2020-01-19T22:00:00+01:00";1205.8096663815227
"DP2";"2020-01-20T01:00:00+01:00";639.0149572649573
"DP2";"2020-01-20T04:00:00+01:00";533.6286799620133
"DP2";"2020-01-20T07:00:00+01:00";5721.55811965812
"DP2";"2020-01-20T10:00:00+01:00";7522.263247863248
"DP2";"2020-01-20T13:00:00+01:00";5494.72625698324
"DP2";"2020-01-20T16:00:00+01:00";3355.714654061023
"DP2";"2020-01-20T19:00:00+01:00";2076.0089743589742
"DP2";"2020-01-20T22:00:00+01:00";1261.502564102564
"DP2";"2020-01-21T01:00:00+01:00";659.9153416415986
"DP2";"2020-01-21T04:00:00+01:00";585.4080675422139
"DP2";"2020-01-21T07:00:00+01:00";4685.540598290599
"DP2";"2020-01-21T10:00:00+01:00";6976.9495726495725
"DP2";"2020-01-21T13:00:00+01:00";5320.186752136752
"DP2";"2020-01-21T16:00:00+01:00";3401.7393162393164
"DP2";"2020-01-21T19:00:00+01:00";2355.9879673399228
"DP2";"2020-01-21T22:00:00+01:00";1301.6897590361446
"DP2";"2020-01-22T01:00:00+01:00";570.0158254918734
"DP2";"2020-01-22T04:00:00+01:00";487.89297658862876
"DP2";"2020-01-22T07:00:00+01:00";6392.063675213675
"DP2";"2020-01-22T10:00:00+01:00";7707.559829059829
"DP2";"2020-01-22T13:00:00+01:00";5529.611538461539
"DP2";"2020-01-22T16:00:00+01:00";3320.879487179487
"DP2";"2020-01-22T19:00:00+01:00";2280.492307692308
"DP2";"2020-01-22T22:00:00+01:00";1176.3270547945206
"DP2";"2020-01-23T01:00:00+01:00";643.4434894714225
"DP2";"2020-01-23T04:00:00+01:00";564.127730294397
"DP2";"2020-01-23T07:00:00+01:00";5344.482478632479
"DP2";"2020-01-23T10:00:00+01:00";7285.414957264958
"DP2";"2020-01-23T13:00:00+01:00";4908.23547008547
"DP2";"2020-01-23T16:00:00+01:00";5049.7854700854705
"DP2";"2020-01-23T19:00:00+01:00";2088.1948717948717
"DP2";"2020-01-23T22:00:00+01:00";1072.8056506849316
"DP2";"2020-01-24T01:00:00+01:00";686.9810915341642
"DP2";"2020-01-24T04:00:00+01:00";595.6144109055501
"DP2";"2020-01-24T07:00:00+01:00";6622.726495726496
"DP2";"2020-01-24T10:00:00+01:00";7133.594871794872
"DP2";"2020-01-24T13:00:00+01:00";5282.639316239316
"DP2";"2020-01-24T16:00:00+01:00";2284.744871794872
"DP2";"2020-01-24T19:00:00+01:00";1857.7807692307692
"DP2";"2020-01-24T22:00:00+01:00";1388.105467068446
"DP2";"2020-01-25T01:00:00+01:00";744.3798118049615
"DP2";"2020-01-25T04:00:00+01:00";507.61989676208356
"DP2";"2020-01-25T07:00:00+01:00";1439.9038461538462
"DP2";"2020-01-25T10:00:00+01:00";2305.1021367521366
"DP2";"2020-01-25T13:00:00+01:00";1636.3767926988266
"DP2";"2020-01-25T16:00:00+01:00";1522.608547008547
"DP2";"2020-01-25T19:00:00+01:00";1373.697435897436
"DP2";"2020-01-25T22:00:00+01:00";969.4840707964602
"DP2";"2020-01-26T01:00:00+01:00";664.675885911841
"DP2";"2020-01-26T04:00:00+01:00";423.71634615384613
"DP2";"2020-01-26T07:00:00+01:00";815.6572649572649
"DP2";"2020-01-26T10:00:00+01:00";1458.281623931624
"DP2";"2020-01-26T13:00:00+01:00";1234.0957264957265
"DP2";"2020-01-26T16:00:00+01:00";1322.1871794871795
"DP2";"2020-01-26T19:00:00+01:00";1627.2692307692307
"DP2";"2020-01-26T22:00:00+01:00";1001.2957264957265
"DP2";"2020-01-27T01:00:00+01:00";591.428999144568
"DP2";"2020-01-27T04:00:00+01:00";528.7827769714562
"DP2";"2020-01-27T07:00:00+01:00";5636.621794871795
"DP2";"2020-01-27T10:00:00+01:00";7464.850427350428
"DP2";"2020-01-27T13:00:00+01:00";5670.884188034188
"DP2";"2020-01-27T16:00:00+01:00";3537.7615384615383
"DP2";"2020-01-27T19:00:00+01:00";2532.457264957265
"DP2";"2020-01-27T22:00:00+01:00";1422.3756054601497
"DP2";"2020-01-28T01:00:00+01:00";675.2534188034188
"DP2";"2020-01-28T04:00:00+01:00";646.1708407871198
"DP2";"2020-01-28T07:00:00+01:00";6276.213430282292
"DP2";"2020-01-28T10:00:00+01:00";8215.810683760683
"DP2";"2020-01-28T13:00:00+01:00";6154.515384615384
"DP2";"2020-01-28T16:00:00+01:00";3841.346368715084
"DP2";"2020-01-28T19:00:00+01:00";2366.3615384615387
"DP2";"2020-01-28T22:00:00+01:00";1555.647989734816
"DP2";"2020-01-29T01:00:00+01:00";846.8036107441656
"DP2";"2020-01-29T04:00:00+01:00";674.8177884615385
"DP2";"2020-01-29T07:00:00+01:00";5788.649572649572
"DP2";"2020-01-29T10:00:00+01:00";7767.856837606838
"DP2";"2020-01-29T13:00:00+01:00";5958.695726495726
"DP2";"2020-01-29T16:00:00+01:00";3609.0923076923077
"DP2";"2020-01-29T19:00:00+01:00";2379.038029386344
"DP2";"2020-01-29T22:00:00+01:00";1649.9781678082193
"DP2";"2020-01-30T01:00:00+01:00";648.005132591959
"DP2";"2020-01-30T04:00:00+01:00";795.8176100628931
"DP2";"2020-01-30T07:00:00+01:00";6008.760256410256
"DP2";"2020-01-30T10:00:00+01:00";7406.346581196582
"DP2";"2020-01-30T13:00:00+01:00";5335.834615384615
"DP2";"2020-01-30T16:00:00+01:00";5791.419658119658
"DP2";"2020-01-30T19:00:00+01:00";2709.774358974359
"DP2";"2020-01-30T22:00:00+01:00";1881.9499572284003
"DP2";"2020-01-31T01:00:00+01:00";975.248717948718
"DP2";"2020-01-31T04:00:00+01:00";858.4736842105264
"DP2";"2020-01-31T07:00:00+01:00";6931.232478632479
"DP2";"2020-01-31T10:00:00+01:00";8072.509829059829
"DP2";"2020-01-31T13:00:00+01:00";6053.4508547008545
"DP2";"2020-01-31T16:00:00+01:00";3293.687606837607
"DP2";"2020-01-31T19:00:00+01:00";1705.3747314138375
"DP2";"2020-01-31T22:00:00+01:00";159.79280821917808
"DP2";"2020-02-01T01:00:00+01:00";133.15042735042735
"DP2";"2020-02-01T04:00:00+01:00";160.66068900424727
"DP2";"2020-02-01T07:00:00+01:00";147.94786324786324
"DP2";"2020-02-01T10:00:00+01:00";171.66308551783413
"DP2";"2020-02-01T13:00:00+01:00";187.03504273504274
"DP2";"2020-02-01T16:00:00+01:00";121.8956043956044